id,tip_ingredient,nume_ingredient,created_at
1,carne,porc,2026-03-22 13:14:53
2,lactate,porc,2026-03-22 13:14:53
3,lactate,morcovi,2026-03-22 13:14:53
4,lactate,rosii,2026-03-22 13:14:53
5,carne,castraveti,2026-03-22 13:14:53
6,lactate,vita,2026-03-22 13:14:53
7,lactate,castraveti,2026-03-22 13:14:53
8,legume,pui,2026-03-22 13:14:53
9,lactate,lapte,2026-03-22 13:14:53
10,legume,lapte,2026-03-22 13:14:53
11,carne,rosii,2026-03-22 13:14:53
12,legume,vita,2026-03-22 13:14:53
13,legume,vita,2026-03-22 13:14:53
14,carne,morcovi,2026-03-22 13:14:53
15,lactate,lapte,2026-03-22 13:14:53
16,lactate,porc,2026-03-22 13:14:53
17,legume,porc,2026-03-22 13:14:53
18,legume,porc,2026-03-22 13:14:53
19,lactate,castraveti,2026-03-22 13:14:53
20,carne,lapte,2026-03-22 13:14:53
21,lactate,branza,2026-03-22 13:14:53
22,legume,branza,2026-03-22 13:14:53
23,carne,lapte,2026-03-22 13:14:53
24,lactate,morcovi,2026-03-22 13:14:53
25,legume,pui,2026-03-22 13:14:53
26,legume,morcovi,2026-03-22 13:14:53
27,carne,vita,2026-03-22 13:14:53
28,carne,vita,2026-03-22 13:14:53
29,legume,castraveti,2026-03-22 13:14:53
30,lactate,castraveti,2026-03-22 13:14:53
31,carne,vita,2026-03-22 13:14:53
32,lactate,pui,2026-03-22 13:14:53
33,lactate,porc,2026-03-22 13:14:53
34,legume,rosii,2026-03-22 13:14:53
35,carne,branza,2026-03-22 13:14:53
36,carne,rosii,2026-03-22 13:14:53
37,lactate,castraveti,2026-03-22 13:14:53
38,legume,porc,2026-03-22 13:14:53
39,legume,rosii,2026-03-22 13:14:53
40,legume,lapte,2026-03-22 13:14:53
41,legume,castraveti,2026-03-22 13:14:53
42,carne,porc,2026-03-22 13:14:53
43,carne,vita,2026-03-22 13:14:53
44,lactate,castraveti,2026-03-22 13:14:53
45,lactate,vita,2026-03-22 13:14:53
46,carne,lapte,2026-03-22 13:14:53
47,carne,pui,2026-03-22 13:14:53
48,lactate,lapte,2026-03-22 13:14:53
49,legume,castraveti,2026-03-22 13:14:53
50,carne,vita,2026-03-22 13:14:53
51,lactate,porc,2026-03-22 13:14:53
52,legume,rosii,2026-03-22 13:14:53
53,carne,vita,2026-03-22 13:14:53
54,legume,branza,2026-03-22 13:14:53
55,carne,branza,2026-03-22 13:14:53
56,carne,porc,2026-03-22 13:14:53
57,legume,pui,2026-03-22 13:14:53
58,legume,porc,2026-03-22 13:14:53
59,lactate,castraveti,2026-03-22 13:14:53
60,lactate,branza,2026-03-22 13:14:53
61,legume,rosii,2026-03-22 13:14:53
62,carne,vita,2026-03-22 13:14:53
63,carne,pui,2026-03-22 13:14:53
64,legume,castraveti,2026-03-22 13:14:53
65,lactate,porc,2026-03-22 13:14:53
66,carne,castraveti,2026-03-22 13:14:53
67,carne,branza,2026-03-22 13:14:53
68,legume,morcovi,2026-03-22 13:14:53
69,lactate,branza,2026-03-22 13:14:53
70,lactate,morcovi,2026-03-22 13:14:53
71,carne,morcovi,2026-03-22 13:14:53
72,legume,branza,2026-03-22 13:14:53
73,carne,branza,2026-03-22 13:14:53
74,carne,rosii,2026-03-22 13:14:53
75,carne,morcovi,2026-03-22 13:14:53
76,carne,rosii,2026-03-22 13:14:53
77,legume,castraveti,2026-03-22 13:14:53
78,carne,vita,2026-03-22 13:14:53
79,lactate,castraveti,2026-03-22 13:14:53
80,legume,branza,2026-03-22 13:14:53
81,lactate,lapte,2026-03-22 13:14:53
82,lactate,porc,2026-03-22 13:14:53
83,legume,lapte,2026-03-22 13:14:53
84,carne,rosii,2026-03-22 13:14:53
85,carne,rosii,2026-03-22 13:14:53
86,legume,morcovi,2026-03-22 13:14:53
87,lactate,vita,2026-03-22 13:14:53
88,legume,branza,2026-03-22 13:14:53
89,legume,branza,2026-03-22 13:14:53
90,carne,rosii,2026-03-22 13:14:53
91,carne,pui,2026-03-22 13:14:53
92,carne,porc,2026-03-22 13:14:53
93,legume,castraveti,2026-03-22 13:14:53
94,carne,vita,2026-03-22 13:14:53
95,legume,pui,2026-03-22 13:14:53
96,lactate,morcovi,2026-03-22 13:14:53
97,legume,vita,2026-03-22 13:14:53
98,lactate,porc,2026-03-22 13:14:53
99,legume,porc,2026-03-22 13:14:53
100,lactate,morcovi,2026-03-22 13:14:53
101,lactate,pui,2026-03-22 13:14:53
102,legume,porc,2026-03-22 13:14:53
103,legume,castraveti,2026-03-22 13:14:53
104,carne,morcovi,2026-03-22 13:14:53
105,lactate,porc,2026-03-22 13:14:53
106,legume,morcovi,2026-03-22 13:14:53
107,carne,vita,2026-03-22 13:14:53
108,legume,castraveti,2026-03-22 13:14:54
109,legume,pui,2026-03-22 13:14:54
110,legume,branza,2026-03-22 13:14:54
111,lactate,pui,2026-03-22 13:14:54
112,lactate,pui,2026-03-22 13:14:54
113,lactate,vita,2026-03-22 13:14:54
114,carne,pui,2026-03-22 13:14:54
115,legume,morcovi,2026-03-22 13:14:54
116,carne,rosii,2026-03-22 13:14:54
117,legume,morcovi,2026-03-22 13:14:54
118,lactate,castraveti,2026-03-22 13:14:54
119,legume,pui,2026-03-22 13:14:54
120,carne,castraveti,2026-03-22 13:14:54
121,carne,pui,2026-03-22 13:50:18
122,lactate,pui,2026-03-22 13:50:18
123,legume,castraveti,2026-03-22 13:50:18
124,carne,porc,2026-03-22 13:50:18
125,lactate,rosii,2026-03-22 13:50:18
126,carne,porc,2026-03-22 13:50:18
127,legume,branza,2026-03-22 13:50:18
128,carne,branza,2026-03-22 13:50:18
129,legume,branza,2026-03-22 13:50:18
130,lactate,porc,2026-03-22 13:50:18
131,carne,vita,2026-03-22 13:50:18
132,lactate,pui,2026-03-22 13:50:18
133,carne,vita,2026-03-22 13:50:18
134,lactate,rosii,2026-03-22 13:50:18
135,carne,branza,2026-03-22 13:50:18
136,legume,lapte,2026-03-22 13:50:18
137,carne,porc,2026-03-22 13:50:18
138,lactate,pui,2026-03-22 13:50:18
139,legume,castraveti,2026-03-22 13:50:18
140,legume,porc,2026-03-22 13:50:18
141,carne,branza,2026-03-22 13:50:18
142,carne,porc,2026-03-22 13:50:18
143,legume,castraveti,2026-03-22 13:50:18
144,lactate,morcovi,2026-03-22 13:50:18
145,lactate,rosii,2026-03-22 13:50:18
146,legume,castraveti,2026-03-22 13:50:18
147,lactate,vita,2026-03-22 13:50:18
148,carne,porc,2026-03-22 13:50:18
149,lactate,porc,2026-03-22 13:50:18
150,carne,vita,2026-03-22 13:50:18
151,lactate,lapte,2026-03-22 13:50:18
152,lactate,castraveti,2026-03-22 13:50:18
153,carne,vita,2026-03-22 13:50:18
154,carne,castraveti,2026-03-22 13:50:18
155,carne,branza,2026-03-22 13:50:18
156,carne,porc,2026-03-22 13:50:18
157,lactate,castraveti,2026-03-22 13:50:18
158,carne,vita,2026-03-22 13:50:18
159,carne,pui,2026-03-22 13:50:18
160,lactate,porc,2026-03-22 13:50:18
161,carne,lapte,2026-03-22 13:50:18
162,lactate,castraveti,2026-03-22 13:50:18
163,carne,lapte,2026-03-22 13:50:18
164,legume,porc,2026-03-22 13:50:18
165,lactate,castraveti,2026-03-22 13:50:18
166,lactate,rosii,2026-03-22 13:50:19
167,lactate,pui,2026-03-22 13:50:19
168,lactate,pui,2026-03-22 13:50:19
169,legume,porc,2026-03-22 13:50:19
170,legume,porc,2026-03-22 13:50:19
171,carne,lapte,2026-03-22 13:50:19
172,lactate,lapte,2026-03-22 13:50:19
173,lactate,porc,2026-03-22 13:50:19
174,legume,branza,2026-03-22 13:50:19
175,carne,branza,2026-03-22 13:50:19
176,legume,lapte,2026-03-22 13:50:19
177,carne,morcovi,2026-03-22 13:50:19
178,legume,branza,2026-03-22 13:50:19
179,lactate,rosii,2026-03-22 13:50:19
180,lactate,lapte,2026-03-22 13:50:19
181,legume,vita,2026-03-22 13:50:19
182,carne,lapte,2026-03-22 13:50:19
183,legume,vita,2026-03-22 13:50:19
184,legume,vita,2026-03-22 13:50:19
185,lactate,branza,2026-03-22 13:50:19
186,legume,rosii,2026-03-22 13:50:19
187,carne,morcovi,2026-03-22 13:50:19
188,lactate,rosii,2026-03-22 13:50:19
189,legume,lapte,2026-03-22 13:50:19
190,carne,vita,2026-03-22 13:50:19
191,lactate,porc,2026-03-22 13:50:19
192,lactate,morcovi,2026-03-22 13:50:19
193,legume,pui,2026-03-22 13:50:19
194,legume,rosii,2026-03-22 13:50:19
195,legume,lapte,2026-03-22 13:50:19
196,legume,lapte,2026-03-22 13:50:19
197,lactate,vita,2026-03-22 13:50:19
198,carne,branza,2026-03-22 13:50:19
199,carne,porc,2026-03-22 13:50:19
200,carne,lapte,2026-03-22 13:50:19
201,legume,pui,2026-03-22 13:50:19
202,lactate,lapte,2026-03-22 13:50:19
203,legume,branza,2026-03-22 13:50:19
204,carne,castraveti,2026-03-22 13:50:19
205,carne,castraveti,2026-03-22 13:50:19
206,legume,rosii,2026-03-22 13:50:19
207,carne,branza,2026-03-22 13:50:19
208,carne,porc,2026-03-22 13:50:19
209,legume,pui,2026-03-22 13:50:19
210,lactate,rosii,2026-03-22 13:50:19
211,carne,porc,2026-03-22 13:50:19
212,carne,pui,2026-03-22 13:50:19
213,lactate,porc,2026-03-22 13:50:19
214,legume,rosii,2026-03-22 13:50:19
215,legume,branza,2026-03-22 13:50:19
216,legume,branza,2026-03-22 13:50:19
217,legume,porc,2026-03-22 13:50:19
218,lactate,castraveti,2026-03-22 13:50:19
219,carne,porc,2026-03-22 13:50:19
220,lactate,vita,2026-03-22 13:50:19
221,lactate,pui,2026-03-22 13:50:19
222,carne,branza,2026-03-22 13:50:19
223,lactate,branza,2026-03-22 13:50:19
224,lactate,porc,2026-03-22 13:50:19
225,lactate,vita,2026-03-22 13:50:19
226,carne,castraveti,2026-03-22 13:50:19
227,legume,branza,2026-03-22 13:50:19
228,legume,castraveti,2026-03-22 13:50:19
229,legume,lapte,2026-03-22 13:50:19
230,legume,castraveti,2026-03-22 13:50:19
231,carne,castraveti,2026-03-22 13:50:19
232,legume,vita,2026-03-22 13:50:19
233,lactate,porc,2026-03-22 13:50:19
234,lactate,rosii,2026-03-22 13:50:19
235,lactate,castraveti,2026-03-22 13:50:19
236,lactate,pui,2026-03-22 13:50:19
237,legume,rosii,2026-03-22 13:50:19
238,lactate,castraveti,2026-03-22 13:50:19
239,carne,pui,2026-03-22 13:50:19
240,legume,lapte,2026-03-22 13:50:19
241,legume,rosii,2026-03-22 13:51:10
242,carne,vita,2026-03-22 13:51:10
243,lactate,porc,2026-03-22 13:51:10
244,lactate,vita,2026-03-22 13:51:10
245,legume,morcovi,2026-03-22 13:51:10
246,carne,porc,2026-03-22 13:51:10
247,lactate,rosii,2026-03-22 13:51:10
248,lactate,rosii,2026-03-22 13:51:10
249,lactate,branza,2026-03-22 13:51:10
250,carne,rosii,2026-03-22 13:51:10
251,legume,rosii,2026-03-22 13:51:10
252,legume,lapte,2026-03-22 13:51:10
253,legume,vita,2026-03-22 13:51:10
254,lactate,lapte,2026-03-22 13:51:10
255,legume,vita,2026-03-22 13:51:10
256,lactate,porc,2026-03-22 13:51:10
257,lactate,morcovi,2026-03-22 13:51:10
258,legume,pui,2026-03-22 13:51:10
259,legume,lapte,2026-03-22 13:51:10
260,carne,porc,2026-03-22 13:51:10
261,lactate,rosii,2026-03-22 13:51:10
262,lactate,rosii,2026-03-22 13:51:10
263,carne,porc,2026-03-22 13:51:10
264,lactate,vita,2026-03-22 13:51:10
265,legume,vita,2026-03-22 13:51:10
266,lactate,porc,2026-03-22 13:51:10
267,lactate,lapte,2026-03-22 13:51:10
268,lactate,porc,2026-03-22 13:51:10
269,lactate,castraveti,2026-03-22 13:51:10
270,carne,branza,2026-03-22 13:51:10
271,legume,rosii,2026-03-22 13:51:10
272,lactate,castraveti,2026-03-22 13:51:10
273,legume,lapte,2026-03-22 13:51:10
274,lactate,vita,2026-03-22 13:51:10
275,lactate,castraveti,2026-03-22 13:51:10
276,legume,rosii,2026-03-22 13:51:10
277,lactate,vita,2026-03-22 13:51:10
278,lactate,morcovi,2026-03-22 13:51:10
279,carne,branza,2026-03-22 13:51:10
280,lactate,rosii,2026-03-22 13:51:10
281,lactate,pui,2026-03-22 13:51:10
282,lactate,lapte,2026-03-22 13:51:10
283,lactate,castraveti,2026-03-22 13:51:10
284,carne,rosii,2026-03-22 13:51:10
285,carne,castraveti,2026-03-22 13:51:10
286,carne,branza,2026-03-22 13:51:10
287,lactate,lapte,2026-03-22 13:51:10
288,legume,morcovi,2026-03-22 13:51:10
289,lactate,rosii,2026-03-22 13:51:10
290,carne,castraveti,2026-03-22 13:51:10
291,carne,rosii,2026-03-22 13:51:10
292,lactate,porc,2026-03-22 13:51:10
293,carne,lapte,2026-03-22 13:51:10
294,lactate,vita,2026-03-22 13:51:10
295,carne,rosii,2026-03-22 13:51:10
296,lactate,porc,2026-03-22 13:51:10
297,carne,castraveti,2026-03-22 13:51:10
298,lactate,morcovi,2026-03-22 13:51:10
299,carne,castraveti,2026-03-22 13:51:10
300,carne,pui,2026-03-22 13:51:10
301,legume,castraveti,2026-03-22 13:51:10
302,legume,rosii,2026-03-22 13:51:10
303,lactate,lapte,2026-03-22 13:51:10
304,lactate,porc,2026-03-22 13:51:10
305,lactate,lapte,2026-03-22 13:51:10
306,legume,castraveti,2026-03-22 13:51:10
307,carne,vita,2026-03-22 13:51:10
308,legume,castraveti,2026-03-22 13:51:10
309,carne,morcovi,2026-03-22 13:51:10
310,legume,rosii,2026-03-22 13:51:10
311,carne,branza,2026-03-22 13:51:10
312,legume,branza,2026-03-22 13:51:10
313,carne,morcovi,2026-03-22 13:51:10
314,carne,morcovi,2026-03-22 13:51:10
315,lactate,castraveti,2026-03-22 13:51:10
316,lactate,castraveti,2026-03-22 13:51:10
317,lactate,rosii,2026-03-22 13:51:10
318,legume,castraveti,2026-03-22 13:51:10
319,lactate,morcovi,2026-03-22 13:51:10
320,lactate,branza,2026-03-22 13:51:10
321,carne,vita,2026-03-22 13:51:10
322,legume,rosii,2026-03-22 13:51:10
323,lactate,vita,2026-03-22 13:51:10
324,carne,rosii,2026-03-22 13:51:10
325,carne,vita,2026-03-22 13:51:10
326,lactate,morcovi,2026-03-22 13:51:10
327,lactate,rosii,2026-03-22 13:51:10
328,legume,branza,2026-03-22 13:51:10
329,legume,vita,2026-03-22 13:51:10
330,legume,morcovi,2026-03-22 13:51:10
331,lactate,branza,2026-03-22 13:51:10
332,legume,branza,2026-03-22 13:51:10
333,lactate,branza,2026-03-22 13:51:10
334,carne,vita,2026-03-22 13:51:10
335,lactate,morcovi,2026-03-22 13:51:10
336,carne,castraveti,2026-03-22 13:51:10
337,carne,porc,2026-03-22 13:51:10
338,lactate,vita,2026-03-22 13:51:10
339,lactate,lapte,2026-03-22 13:51:10
340,carne,rosii,2026-03-22 13:51:10
341,legume,rosii,2026-03-22 13:51:10
342,carne,lapte,2026-03-22 13:51:10
343,lactate,rosii,2026-03-22 13:51:10
344,lactate,castraveti,2026-03-22 13:51:10
345,carne,branza,2026-03-22 13:51:10
346,carne,vita,2026-03-22 13:51:10
347,lactate,pui,2026-03-22 13:51:10
348,carne,morcovi,2026-03-22 13:51:10
349,carne,porc,2026-03-22 13:51:10
350,legume,rosii,2026-03-22 13:51:10
351,legume,branza,2026-03-22 13:51:10
352,carne,morcovi,2026-03-22 13:51:10
353,carne,vita,2026-03-22 13:51:10
354,carne,castraveti,2026-03-22 13:51:10
355,lactate,pui,2026-03-22 13:51:10
356,carne,rosii,2026-03-22 13:51:10
357,lactate,vita,2026-03-22 13:51:10
358,legume,lapte,2026-03-22 13:51:10
359,legume,vita,2026-03-22 13:51:10
360,legume,porc,2026-03-22 13:51:10
361,lactate,castraveti,2026-03-22 13:51:45
362,lactate,lapte,2026-03-22 13:51:45
363,carne,branza,2026-03-22 13:51:45
364,carne,rosii,2026-03-22 13:51:45
365,lactate,lapte,2026-03-22 13:51:45
366,carne,lapte,2026-03-22 13:51:45
367,lactate,castraveti,2026-03-22 13:51:45
368,carne,porc,2026-03-22 13:51:45
369,legume,castraveti,2026-03-22 13:51:45
370,legume,porc,2026-03-22 13:51:45
371,legume,branza,2026-03-22 13:51:45
372,lactate,vita,2026-03-22 13:51:45
373,legume,castraveti,2026-03-22 13:51:45
374,legume,castraveti,2026-03-22 13:51:45
375,carne,castraveti,2026-03-22 13:51:45
376,legume,branza,2026-03-22 13:51:45
377,lactate,pui,2026-03-22 13:51:45
378,legume,porc,2026-03-22 13:51:45
379,carne,castraveti,2026-03-22 13:51:45
380,carne,castraveti,2026-03-22 13:51:45
381,legume,branza,2026-03-22 13:51:45
382,carne,castraveti,2026-03-22 13:51:45
383,lactate,rosii,2026-03-22 13:51:45
384,lactate,castraveti,2026-03-22 13:51:45
385,carne,castraveti,2026-03-22 13:51:45
386,carne,morcovi,2026-03-22 13:51:45
387,carne,pui,2026-03-22 13:51:45
388,lactate,branza,2026-03-22 13:51:45
389,lactate,lapte,2026-03-22 13:51:45
390,legume,branza,2026-03-22 13:51:45
391,legume,branza,2026-03-22 13:51:45
392,carne,lapte,2026-03-22 13:51:45
393,lactate,morcovi,2026-03-22 13:51:45
394,legume,pui,2026-03-22 13:51:45
395,carne,castraveti,2026-03-22 13:51:45
396,legume,pui,2026-03-22 13:51:45
397,legume,pui,2026-03-22 13:51:45
398,lactate,porc,2026-03-22 13:51:45
399,lactate,branza,2026-03-22 13:51:45
400,legume,rosii,2026-03-22 13:51:45
401,carne,branza,2026-03-22 13:51:45
402,lactate,porc,2026-03-22 13:51:45
403,lactate,castraveti,2026-03-22 13:51:45
404,lactate,vita,2026-03-22 13:51:45
405,lactate,vita,2026-03-22 13:51:45
406,legume,branza,2026-03-22 13:51:45
407,lactate,castraveti,2026-03-22 13:51:45
408,legume,morcovi,2026-03-22 13:51:45
409,carne,porc,2026-03-22 13:51:45
410,legume,lapte,2026-03-22 13:51:45
411,legume,pui,2026-03-22 13:51:45
412,lactate,pui,2026-03-22 13:51:45
413,legume,rosii,2026-03-22 13:51:45
414,legume,porc,2026-03-22 13:51:45
415,legume,rosii,2026-03-22 13:51:45
416,lactate,porc,2026-03-22 13:51:45
417,lactate,pui,2026-03-22 13:51:45
418,lactate,porc,2026-03-22 13:51:45
419,carne,morcovi,2026-03-22 13:51:45
420,legume,vita,2026-03-22 13:51:45
421,carne,lapte,2026-03-22 13:51:45
422,carne,lapte,2026-03-22 13:51:45
423,carne,castraveti,2026-03-22 13:51:45
424,legume,castraveti,2026-03-22 13:51:45
425,carne,castraveti,2026-03-22 13:51:45
426,carne,branza,2026-03-22 13:51:45
427,lactate,lapte,2026-03-22 13:51:45
428,carne,castraveti,2026-03-22 13:51:45
429,legume,morcovi,2026-03-22 13:51:45
430,legume,morcovi,2026-03-22 13:51:45
431,legume,vita,2026-03-22 13:51:45
432,lactate,porc,2026-03-22 13:51:45
433,carne,lapte,2026-03-22 13:51:45
434,carne,porc,2026-03-22 13:51:45
435,legume,morcovi,2026-03-22 13:51:45
436,carne,castraveti,2026-03-22 13:51:45
437,lactate,porc,2026-03-22 13:51:45
438,lactate,pui,2026-03-22 13:51:45
439,lactate,morcovi,2026-03-22 13:51:45
440,legume,morcovi,2026-03-22 13:51:45
441,carne,rosii,2026-03-22 13:51:45
442,lactate,morcovi,2026-03-22 13:51:45
443,lactate,pui,2026-03-22 13:51:45
444,carne,castraveti,2026-03-22 13:51:45
445,carne,rosii,2026-03-22 13:51:45
446,legume,vita,2026-03-22 13:51:45
447,lactate,vita,2026-03-22 13:51:45
448,carne,castraveti,2026-03-22 13:51:45
449,legume,vita,2026-03-22 13:51:45
450,carne,morcovi,2026-03-22 13:51:45
451,lactate,morcovi,2026-03-22 13:51:45
452,legume,pui,2026-03-22 13:51:45
453,carne,rosii,2026-03-22 13:51:45
454,legume,vita,2026-03-22 13:51:45
455,legume,morcovi,2026-03-22 13:51:45
456,legume,castraveti,2026-03-22 13:51:45
457,legume,porc,2026-03-22 13:51:45
458,lactate,vita,2026-03-22 13:51:45
459,lactate,branza,2026-03-22 13:51:45
460,lactate,pui,2026-03-22 13:51:45
461,lactate,rosii,2026-03-22 13:51:45
462,lactate,rosii,2026-03-22 13:51:45
463,carne,vita,2026-03-22 13:51:45
464,carne,porc,2026-03-22 13:51:45
465,legume,branza,2026-03-22 13:51:45
466,legume,branza,2026-03-22 13:51:45
467,legume,rosii,2026-03-22 13:51:45
468,lactate,castraveti,2026-03-22 13:51:45
469,lactate,porc,2026-03-22 13:51:45
470,carne,castraveti,2026-03-22 13:51:45
471,legume,porc,2026-03-22 13:51:45
472,lactate,porc,2026-03-22 13:51:45
473,lactate,morcovi,2026-03-22 13:51:45
474,lactate,lapte,2026-03-22 13:51:45
475,lactate,porc,2026-03-22 13:51:45
476,carne,rosii,2026-03-22 13:51:45
477,carne,vita,2026-03-22 13:51:45
478,lactate,porc,2026-03-22 13:51:45
479,legume,lapte,2026-03-22 13:51:45
480,carne,morcovi,2026-03-22 13:51:45
481,legume,porc,2026-03-22 13:53:40
482,carne,branza,2026-03-22 13:53:40
483,lactate,lapte,2026-03-22 13:53:40
484,legume,castraveti,2026-03-22 13:53:40
485,lactate,morcovi,2026-03-22 13:53:40
486,legume,rosii,2026-03-22 13:53:40
487,lactate,pui,2026-03-22 13:53:40
488,carne,rosii,2026-03-22 13:53:40
489,legume,rosii,2026-03-22 13:53:40
490,lactate,vita,2026-03-22 13:53:40
491,legume,pui,2026-03-22 13:53:40
492,carne,castraveti,2026-03-22 13:53:40
493,legume,vita,2026-03-22 13:53:40
494,lactate,castraveti,2026-03-22 13:53:40
495,carne,lapte,2026-03-22 13:53:40
496,lactate,lapte,2026-03-22 13:53:40
497,carne,vita,2026-03-22 13:53:40
498,lactate,pui,2026-03-22 13:53:40
499,lactate,branza,2026-03-22 13:53:40
500,lactate,morcovi,2026-03-22 13:53:40
501,legume,branza,2026-03-22 13:53:40
502,carne,morcovi,2026-03-22 13:53:40
503,lactate,porc,2026-03-22 13:53:40
504,lactate,morcovi,2026-03-22 13:53:40
505,legume,porc,2026-03-22 13:53:40
506,lactate,castraveti,2026-03-22 13:53:40
507,carne,lapte,2026-03-22 13:53:40
508,legume,vita,2026-03-22 13:53:40
509,legume,rosii,2026-03-22 13:53:40
510,carne,vita,2026-03-22 13:53:40
511,legume,rosii,2026-03-22 13:53:40
512,legume,morcovi,2026-03-22 13:53:40
513,lactate,porc,2026-03-22 13:53:40
514,lactate,castraveti,2026-03-22 13:53:40
515,legume,castraveti,2026-03-22 13:53:40
516,carne,castraveti,2026-03-22 13:53:40
517,lactate,porc,2026-03-22 13:53:40
518,lactate,lapte,2026-03-22 13:53:40
519,legume,castraveti,2026-03-22 13:53:40
520,carne,castraveti,2026-03-22 13:53:40
521,legume,morcovi,2026-03-22 13:53:40
522,legume,morcovi,2026-03-22 13:53:40
523,legume,morcovi,2026-03-22 13:53:40
524,lactate,rosii,2026-03-22 13:53:40
525,lactate,porc,2026-03-22 13:53:40
526,legume,vita,2026-03-22 13:53:40
527,legume,lapte,2026-03-22 13:53:40
528,lactate,pui,2026-03-22 13:53:40
529,carne,branza,2026-03-22 13:53:40
530,carne,morcovi,2026-03-22 13:53:40
531,lactate,pui,2026-03-22 13:53:40
532,legume,vita,2026-03-22 13:53:40
533,legume,rosii,2026-03-22 13:53:40
534,carne,porc,2026-03-22 13:53:40
535,lactate,lapte,2026-03-22 13:53:40
536,legume,vita,2026-03-22 13:53:40
537,legume,vita,2026-03-22 13:53:40
538,legume,vita,2026-03-22 13:53:40
539,carne,branza,2026-03-22 13:53:40
540,carne,rosii,2026-03-22 13:53:40
541,lactate,branza,2026-03-22 13:53:40
542,lactate,pui,2026-03-22 13:53:40
543,lactate,castraveti,2026-03-22 13:53:40
544,legume,vita,2026-03-22 13:53:40
545,carne,morcovi,2026-03-22 13:53:40
546,legume,rosii,2026-03-22 13:53:40
547,carne,lapte,2026-03-22 13:53:40
548,legume,porc,2026-03-22 13:53:40
549,carne,pui,2026-03-22 13:53:40
550,lactate,porc,2026-03-22 13:53:40
551,legume,lapte,2026-03-22 13:53:40
552,legume,pui,2026-03-22 13:53:40
553,legume,vita,2026-03-22 13:53:40
554,legume,morcovi,2026-03-22 13:53:40
555,lactate,rosii,2026-03-22 13:53:40
556,legume,morcovi,2026-03-22 13:53:40
557,legume,vita,2026-03-22 13:53:40
558,carne,rosii,2026-03-22 13:53:40
559,legume,porc,2026-03-22 13:53:40
560,carne,rosii,2026-03-22 13:53:40
561,lactate,morcovi,2026-03-22 13:53:40
562,lactate,vita,2026-03-22 13:53:40
563,carne,pui,2026-03-22 13:53:40
564,carne,lapte,2026-03-22 13:53:40
565,legume,porc,2026-03-22 13:53:40
566,carne,castraveti,2026-03-22 13:53:40
567,carne,vita,2026-03-22 13:53:40
568,legume,branza,2026-03-22 13:53:40
569,lactate,vita,2026-03-22 13:53:40
570,lactate,lapte,2026-03-22 13:53:40
571,lactate,rosii,2026-03-22 13:53:40
572,legume,morcovi,2026-03-22 13:53:40
573,legume,castraveti,2026-03-22 13:53:40
574,carne,porc,2026-03-22 13:53:40
575,legume,morcovi,2026-03-22 13:53:40
576,carne,castraveti,2026-03-22 13:53:40
577,legume,castraveti,2026-03-22 13:53:40
578,lactate,lapte,2026-03-22 13:53:40
579,carne,morcovi,2026-03-22 13:53:40
580,legume,pui,2026-03-22 13:53:40
581,carne,morcovi,2026-03-22 13:53:40
582,lactate,branza,2026-03-22 13:53:40
583,lactate,porc,2026-03-22 13:53:40
584,lactate,branza,2026-03-22 13:53:40
585,legume,castraveti,2026-03-22 13:53:40
586,carne,lapte,2026-03-22 13:53:40
587,carne,branza,2026-03-22 13:53:40
588,lactate,rosii,2026-03-22 13:53:40
589,carne,morcovi,2026-03-22 13:53:40
590,lactate,branza,2026-03-22 13:53:40
591,carne,rosii,2026-03-22 13:53:40
592,carne,morcovi,2026-03-22 13:53:40
593,carne,rosii,2026-03-22 13:53:40
594,legume,pui,2026-03-22 13:53:40
595,carne,rosii,2026-03-22 13:53:40
596,lactate,pui,2026-03-22 13:53:40
597,lactate,vita,2026-03-22 13:53:40
598,legume,lapte,2026-03-22 13:53:40
599,legume,pui,2026-03-22 13:53:40
600,lactate,pui,2026-03-22 13:53:40
601,legume,lapte,2026-03-22 14:24:18
602,carne,morcovi,2026-03-22 14:24:18
603,legume,branza,2026-03-22 14:24:18
604,lactate,porc,2026-03-22 14:24:18
605,carne,lapte,2026-03-22 14:24:18
606,lactate,vita,2026-03-22 14:24:18
607,carne,rosii,2026-03-22 14:24:18
608,carne,lapte,2026-03-22 14:24:18
609,legume,rosii,2026-03-22 14:24:18
610,carne,rosii,2026-03-22 14:24:18
611,carne,branza,2026-03-22 14:24:18
612,carne,morcovi,2026-03-22 14:24:18
613,lactate,rosii,2026-03-22 14:24:18
614,legume,vita,2026-03-22 14:24:18
615,lactate,rosii,2026-03-22 14:24:18
616,carne,vita,2026-03-22 14:24:18
617,legume,morcovi,2026-03-22 14:24:18
618,legume,castraveti,2026-03-22 14:24:18
619,legume,branza,2026-03-22 14:24:18
620,lactate,morcovi,2026-03-22 14:24:18
621,legume,rosii,2026-03-22 14:24:18
622,lactate,porc,2026-03-22 14:24:18
623,carne,rosii,2026-03-22 14:24:18
624,carne,pui,2026-03-22 14:24:18
625,carne,porc,2026-03-22 14:24:18
626,legume,castraveti,2026-03-22 14:24:18
627,legume,pui,2026-03-22 14:24:18
628,carne,lapte,2026-03-22 14:24:18
629,lactate,pui,2026-03-22 14:24:18
630,legume,castraveti,2026-03-22 14:24:18
631,legume,pui,2026-03-22 14:24:18
632,lactate,porc,2026-03-22 14:24:18
633,carne,pui,2026-03-22 14:24:18
634,lactate,vita,2026-03-22 14:24:18
635,lactate,vita,2026-03-22 14:24:18
636,carne,lapte,2026-03-22 14:24:18
637,lactate,vita,2026-03-22 14:24:18
638,lactate,vita,2026-03-22 14:24:18
639,legume,morcovi,2026-03-22 14:24:18
640,carne,castraveti,2026-03-22 14:24:18
641,legume,vita,2026-03-22 14:24:18
642,lactate,rosii,2026-03-22 14:24:18
643,legume,porc,2026-03-22 14:24:18
644,lactate,porc,2026-03-22 14:24:18
645,lactate,castraveti,2026-03-22 14:24:18
646,legume,morcovi,2026-03-22 14:24:18
647,lactate,rosii,2026-03-22 14:24:18
648,legume,pui,2026-03-22 14:24:18
649,lactate,morcovi,2026-03-22 14:24:18
650,legume,rosii,2026-03-22 14:24:18
651,lactate,porc,2026-03-22 14:24:18
652,carne,morcovi,2026-03-22 14:24:18
653,lactate,castraveti,2026-03-22 14:24:18
654,lactate,vita,2026-03-22 14:24:18
655,lactate,morcovi,2026-03-22 14:24:18
656,carne,pui,2026-03-22 14:24:18
657,carne,pui,2026-03-22 14:24:18
658,carne,castraveti,2026-03-22 14:24:18
659,carne,rosii,2026-03-22 14:24:18
660,lactate,pui,2026-03-22 14:24:18
661,lactate,lapte,2026-03-22 14:24:18
662,carne,branza,2026-03-22 14:24:18
663,lactate,branza,2026-03-22 14:24:18
664,legume,rosii,2026-03-22 14:24:18
665,legume,branza,2026-03-22 14:24:18
666,legume,lapte,2026-03-22 14:24:18
667,carne,vita,2026-03-22 14:24:18
668,carne,branza,2026-03-22 14:24:18
669,legume,morcovi,2026-03-22 14:24:18
670,lactate,branza,2026-03-22 14:24:18
671,lactate,lapte,2026-03-22 14:24:18
672,legume,lapte,2026-03-22 14:24:18
673,carne,porc,2026-03-22 14:24:18
674,carne,pui,2026-03-22 14:24:18
675,lactate,morcovi,2026-03-22 14:24:18
676,lactate,vita,2026-03-22 14:24:18
677,carne,lapte,2026-03-22 14:24:18
678,carne,rosii,2026-03-22 14:24:18
679,legume,castraveti,2026-03-22 14:24:18
680,carne,morcovi,2026-03-22 14:24:18
681,carne,rosii,2026-03-22 14:24:18
682,carne,lapte,2026-03-22 14:24:18
683,carne,pui,2026-03-22 14:24:18
684,carne,lapte,2026-03-22 14:24:18
685,lactate,vita,2026-03-22 14:24:18
686,legume,vita,2026-03-22 14:24:18
687,legume,lapte,2026-03-22 14:24:18
688,carne,castraveti,2026-03-22 14:24:18
689,carne,branza,2026-03-22 14:24:18
690,lactate,branza,2026-03-22 14:24:18
691,legume,morcovi,2026-03-22 14:24:18
692,legume,pui,2026-03-22 14:24:18
693,lactate,pui,2026-03-22 14:24:18
694,legume,morcovi,2026-03-22 14:24:18
695,lactate,rosii,2026-03-22 14:24:18
696,carne,lapte,2026-03-22 14:24:18
697,lactate,branza,2026-03-22 14:24:18
698,legume,porc,2026-03-22 14:24:18
699,carne,morcovi,2026-03-22 14:24:18
700,lactate,castraveti,2026-03-22 14:24:18
701,legume,porc,2026-03-22 14:24:18
702,carne,morcovi,2026-03-22 14:24:18
703,legume,rosii,2026-03-22 14:24:18
704,carne,morcovi,2026-03-22 14:24:18
705,carne,morcovi,2026-03-22 14:24:18
706,lactate,castraveti,2026-03-22 14:24:18
707,carne,porc,2026-03-22 14:24:18
708,legume,vita,2026-03-22 14:24:18
709,legume,rosii,2026-03-22 14:24:18
710,legume,branza,2026-03-22 14:24:18
711,legume,vita,2026-03-22 14:24:18
712,lactate,morcovi,2026-03-22 14:24:18
713,lactate,morcovi,2026-03-22 14:24:18
714,lactate,castraveti,2026-03-22 14:24:18
715,carne,branza,2026-03-22 14:24:18
716,lactate,vita,2026-03-22 14:24:18
717,lactate,lapte,2026-03-22 14:24:18
718,lactate,pui,2026-03-22 14:24:18
719,lactate,vita,2026-03-22 14:24:18
720,lactate,rosii,2026-03-22 14:24:18
721,lactate,lapte,2026-03-22 19:17:09
722,carne,rosii,2026-03-22 19:17:09
723,legume,vita,2026-03-22 19:17:09
724,legume,branza,2026-03-22 19:17:09
725,legume,lapte,2026-03-22 19:17:09
726,carne,branza,2026-03-22 19:17:09
727,carne,porc,2026-03-22 19:17:09
728,carne,lapte,2026-03-22 19:17:09
729,carne,pui,2026-03-22 19:17:09
730,carne,vita,2026-03-22 19:17:09
731,carne,morcovi,2026-03-22 19:17:09
732,carne,castraveti,2026-03-22 19:17:09
733,legume,porc,2026-03-22 19:17:09
734,legume,branza,2026-03-22 19:17:09
735,carne,porc,2026-03-22 19:17:09
736,carne,branza,2026-03-22 19:17:09
737,carne,pui,2026-03-22 19:17:09
738,carne,branza,2026-03-22 19:17:09
739,carne,rosii,2026-03-22 19:17:09
740,carne,castraveti,2026-03-22 19:17:09
741,carne,morcovi,2026-03-22 19:17:09
742,legume,porc,2026-03-22 19:17:09
743,carne,rosii,2026-03-22 19:17:09
744,legume,lapte,2026-03-22 19:17:09
745,carne,morcovi,2026-03-22 19:17:09
746,legume,lapte,2026-03-22 19:17:09
747,lactate,pui,2026-03-22 19:17:09
748,lactate,branza,2026-03-22 19:17:09
749,lactate,pui,2026-03-22 19:17:09
750,lactate,pui,2026-03-22 19:17:10
751,lactate,rosii,2026-03-22 19:17:10
752,carne,branza,2026-03-22 19:17:10
753,lactate,morcovi,2026-03-22 19:17:10
754,legume,rosii,2026-03-22 19:17:10
755,lactate,morcovi,2026-03-22 19:17:10
756,legume,vita,2026-03-22 19:17:10
757,legume,castraveti,2026-03-22 19:17:10
758,legume,porc,2026-03-22 19:17:10
759,legume,morcovi,2026-03-22 19:17:10
760,legume,lapte,2026-03-22 19:17:10
761,lactate,rosii,2026-03-22 19:17:10
762,carne,rosii,2026-03-22 19:17:10
763,carne,branza,2026-03-22 19:17:10
764,lactate,rosii,2026-03-22 19:17:10
765,carne,castraveti,2026-03-22 19:17:10
766,legume,castraveti,2026-03-22 19:17:10
767,legume,pui,2026-03-22 19:17:10
768,legume,rosii,2026-03-22 19:17:10
769,legume,pui,2026-03-22 19:17:10
770,lactate,morcovi,2026-03-22 19:17:10
771,carne,pui,2026-03-22 19:17:10
772,legume,rosii,2026-03-22 19:17:10
773,lactate,castraveti,2026-03-22 19:17:10
774,lactate,lapte,2026-03-22 19:17:10
775,legume,morcovi,2026-03-22 19:17:10
776,lactate,rosii,2026-03-22 19:17:10
777,legume,branza,2026-03-22 19:17:10
778,carne,rosii,2026-03-22 19:17:10
779,carne,rosii,2026-03-22 19:17:10
780,lactate,lapte,2026-03-22 19:17:10
781,lactate,porc,2026-03-22 19:17:10
782,carne,branza,2026-03-22 19:17:10
783,carne,rosii,2026-03-22 19:17:10
784,legume,lapte,2026-03-22 19:17:10
785,carne,porc,2026-03-22 19:17:10
786,legume,morcovi,2026-03-22 19:17:10
787,carne,morcovi,2026-03-22 19:17:10
788,carne,vita,2026-03-22 19:17:10
789,legume,rosii,2026-03-22 19:17:10
790,lactate,morcovi,2026-03-22 19:17:10
791,carne,branza,2026-03-22 19:17:10
792,lactate,rosii,2026-03-22 19:17:10
793,lactate,lapte,2026-03-22 19:17:10
794,carne,morcovi,2026-03-22 19:17:10
795,lactate,pui,2026-03-22 19:17:10
796,carne,pui,2026-03-22 19:17:10
797,legume,vita,2026-03-22 19:17:10
798,legume,pui,2026-03-22 19:17:10
799,legume,castraveti,2026-03-22 19:17:10
800,lactate,vita,2026-03-22 19:17:10
801,legume,pui,2026-03-22 19:17:10
802,carne,morcovi,2026-03-22 19:17:10
803,lactate,castraveti,2026-03-22 19:17:10
804,carne,rosii,2026-03-22 19:17:10
805,lactate,morcovi,2026-03-22 19:17:10
806,carne,castraveti,2026-03-22 19:17:10
807,legume,vita,2026-03-22 19:17:10
808,carne,rosii,2026-03-22 19:17:10
809,lactate,vita,2026-03-22 19:17:10
810,lactate,branza,2026-03-22 19:17:10
811,legume,lapte,2026-03-22 19:17:10
812,legume,lapte,2026-03-22 19:17:10
813,lactate,lapte,2026-03-22 19:17:10
814,carne,pui,2026-03-22 19:17:10
815,lactate,morcovi,2026-03-22 19:17:10
816,carne,branza,2026-03-22 19:17:10
817,carne,castraveti,2026-03-22 19:17:10
818,legume,castraveti,2026-03-22 19:17:10
819,legume,pui,2026-03-22 19:17:10
820,legume,pui,2026-03-22 19:17:10
821,carne,morcovi,2026-03-22 19:17:10
822,carne,rosii,2026-03-22 19:17:10
823,carne,morcovi,2026-03-22 19:17:10
824,legume,lapte,2026-03-22 19:17:10
825,lactate,vita,2026-03-22 19:17:10
826,carne,castraveti,2026-03-22 19:17:10
827,legume,pui,2026-03-22 19:17:10
828,carne,vita,2026-03-22 19:17:10
829,carne,rosii,2026-03-22 19:17:10
830,lactate,branza,2026-03-22 19:17:10
831,lactate,lapte,2026-03-22 19:17:10
832,carne,porc,2026-03-22 19:17:10
833,carne,rosii,2026-03-22 19:17:10
834,legume,castraveti,2026-03-22 19:17:10
835,legume,porc,2026-03-22 19:17:10
836,lactate,porc,2026-03-22 19:17:10
837,carne,castraveti,2026-03-22 19:17:10
838,carne,pui,2026-03-22 19:17:10
839,carne,morcovi,2026-03-22 19:17:10
840,legume,morcovi,2026-03-22 19:17:10
841,carne,vita,2026-03-22 19:19:22
842,lactate,porc,2026-03-22 19:19:22
843,carne,morcovi,2026-03-22 19:19:22
844,carne,vita,2026-03-22 19:19:22
845,carne,porc,2026-03-22 19:19:22
846,lactate,pui,2026-03-22 19:19:22
847,legume,rosii,2026-03-22 19:19:22
848,legume,morcovi,2026-03-22 19:19:22
849,lactate,branza,2026-03-22 19:19:22
850,legume,porc,2026-03-22 19:19:22
851,legume,castraveti,2026-03-22 19:19:22
852,carne,branza,2026-03-22 19:19:22
853,lactate,lapte,2026-03-22 19:19:22
854,lactate,rosii,2026-03-22 19:19:22
855,legume,rosii,2026-03-22 19:19:22
856,carne,porc,2026-03-22 19:19:22
857,carne,branza,2026-03-22 19:19:22
858,carne,lapte,2026-03-22 19:19:22
859,legume,pui,2026-03-22 19:19:22
860,legume,vita,2026-03-22 19:19:22
861,legume,morcovi,2026-03-22 19:19:22
862,legume,morcovi,2026-03-22 19:19:22
863,lactate,morcovi,2026-03-22 19:19:22
864,carne,lapte,2026-03-22 19:19:22
865,legume,castraveti,2026-03-22 19:19:22
866,lactate,vita,2026-03-22 19:19:22
867,legume,castraveti,2026-03-22 19:19:22
868,carne,lapte,2026-03-22 19:19:22
869,carne,castraveti,2026-03-22 19:19:22
870,carne,rosii,2026-03-22 19:19:22
871,legume,morcovi,2026-03-22 19:19:22
872,legume,lapte,2026-03-22 19:19:22
873,carne,vita,2026-03-22 19:19:22
874,lactate,rosii,2026-03-22 19:19:22
875,carne,rosii,2026-03-22 19:19:22
876,lactate,branza,2026-03-22 19:19:22
877,lactate,morcovi,2026-03-22 19:19:22
878,lactate,morcovi,2026-03-22 19:19:22
879,carne,pui,2026-03-22 19:19:22
880,legume,castraveti,2026-03-22 19:19:22
881,lactate,rosii,2026-03-22 19:19:22
882,lactate,pui,2026-03-22 19:19:22
883,legume,rosii,2026-03-22 19:19:22
884,carne,porc,2026-03-22 19:19:22
885,lactate,porc,2026-03-22 19:19:22
886,legume,castraveti,2026-03-22 19:19:22
887,lactate,pui,2026-03-22 19:19:22
888,lactate,morcovi,2026-03-22 19:19:22
889,legume,rosii,2026-03-22 19:19:22
890,lactate,lapte,2026-03-22 19:19:22
891,lactate,lapte,2026-03-22 19:19:22
892,lactate,morcovi,2026-03-22 19:19:22
893,lactate,castraveti,2026-03-22 19:19:22
894,lactate,morcovi,2026-03-22 19:19:22
895,legume,rosii,2026-03-22 19:19:22
896,lactate,vita,2026-03-22 19:19:22
897,carne,branza,2026-03-22 19:19:22
898,carne,vita,2026-03-22 19:19:22
899,lactate,morcovi,2026-03-22 19:19:22
900,legume,morcovi,2026-03-22 19:19:22
901,carne,morcovi,2026-03-22 19:19:22
902,legume,pui,2026-03-22 19:19:22
903,lactate,morcovi,2026-03-22 19:19:22
904,legume,castraveti,2026-03-22 19:19:22
905,legume,morcovi,2026-03-22 19:19:22
906,lactate,rosii,2026-03-22 19:19:22
907,legume,porc,2026-03-22 19:19:22
908,carne,morcovi,2026-03-22 19:19:22
909,legume,pui,2026-03-22 19:19:22
910,lactate,porc,2026-03-22 19:19:22
911,legume,branza,2026-03-22 19:19:22
912,carne,branza,2026-03-22 19:19:22
913,legume,morcovi,2026-03-22 19:19:22
914,carne,rosii,2026-03-22 19:19:22
915,carne,rosii,2026-03-22 19:19:22
916,legume,branza,2026-03-22 19:19:22
917,carne,rosii,2026-03-22 19:19:22
918,carne,lapte,2026-03-22 19:19:22
919,legume,morcovi,2026-03-22 19:19:22
920,lactate,vita,2026-03-22 19:19:22
921,legume,castraveti,2026-03-22 19:19:22
922,carne,pui,2026-03-22 19:19:22
923,carne,porc,2026-03-22 19:19:22
924,carne,pui,2026-03-22 19:19:22
925,legume,porc,2026-03-22 19:19:22
926,carne,branza,2026-03-22 19:19:22
927,lactate,branza,2026-03-22 19:19:22
928,carne,porc,2026-03-22 19:19:22
929,carne,castraveti,2026-03-22 19:19:22
930,lactate,vita,2026-03-22 19:19:22
931,legume,morcovi,2026-03-22 19:19:22
932,lactate,rosii,2026-03-22 19:19:22
933,legume,porc,2026-03-22 19:19:22
934,legume,lapte,2026-03-22 19:19:22
935,legume,pui,2026-03-22 19:19:22
936,lactate,lapte,2026-03-22 19:19:22
937,lactate,rosii,2026-03-22 19:19:22
938,lactate,castraveti,2026-03-22 19:19:22
939,legume,morcovi,2026-03-22 19:19:22
940,lactate,lapte,2026-03-22 19:19:22
941,legume,pui,2026-03-22 19:19:22
942,carne,rosii,2026-03-22 19:19:22
943,lactate,rosii,2026-03-22 19:19:22
944,legume,branza,2026-03-22 19:19:22
945,legume,porc,2026-03-22 19:19:22
946,legume,porc,2026-03-22 19:19:22
947,lactate,rosii,2026-03-22 19:19:22
948,legume,rosii,2026-03-22 19:19:22
949,lactate,vita,2026-03-22 19:19:22
950,carne,castraveti,2026-03-22 19:19:22
951,carne,porc,2026-03-22 19:19:22
952,carne,castraveti,2026-03-22 19:19:22
953,legume,vita,2026-03-22 19:19:22
954,carne,morcovi,2026-03-22 19:19:22
955,lactate,branza,2026-03-22 19:19:22
956,carne,porc,2026-03-22 19:19:22
957,carne,branza,2026-03-22 19:19:22
958,carne,porc,2026-03-22 19:19:22
959,carne,lapte,2026-03-22 19:19:22
960,legume,pui,2026-03-22 19:19:22
961,lactate,morcovi,2026-03-22 20:40:28
962,lactate,castraveti,2026-03-22 20:40:28
963,legume,rosii,2026-03-22 20:40:28
964,carne,morcovi,2026-03-22 20:40:28
965,legume,castraveti,2026-03-22 20:40:28
966,legume,pui,2026-03-22 20:40:28
967,lactate,rosii,2026-03-22 20:40:28
968,lactate,branza,2026-03-22 20:40:28
969,lactate,castraveti,2026-03-22 20:40:28
970,carne,castraveti,2026-03-22 20:40:28
971,lactate,lapte,2026-03-22 20:40:28
972,lactate,pui,2026-03-22 20:40:28
973,carne,pui,2026-03-22 20:40:28
974,carne,morcovi,2026-03-22 20:40:28
975,carne,castraveti,2026-03-22 20:40:28
976,carne,vita,2026-03-22 20:40:28
977,legume,morcovi,2026-03-22 20:40:28
978,lactate,vita,2026-03-22 20:40:28
979,lactate,porc,2026-03-22 20:40:28
980,lactate,vita,2026-03-22 20:40:28
981,carne,pui,2026-03-22 20:40:28
982,carne,vita,2026-03-22 20:40:28
983,legume,castraveti,2026-03-22 20:40:28
984,carne,castraveti,2026-03-22 20:40:28
985,lactate,pui,2026-03-22 20:40:28
986,carne,rosii,2026-03-22 20:40:28
987,lactate,rosii,2026-03-22 20:40:28
988,carne,rosii,2026-03-22 20:40:28
989,legume,morcovi,2026-03-22 20:40:28
990,legume,branza,2026-03-22 20:40:28
991,legume,lapte,2026-03-22 20:40:28
992,carne,rosii,2026-03-22 20:40:28
993,lactate,pui,2026-03-22 20:40:28
994,carne,lapte,2026-03-22 20:40:28
995,legume,pui,2026-03-22 20:40:28
996,legume,porc,2026-03-22 20:40:28
997,lactate,pui,2026-03-22 20:40:28
998,legume,castraveti,2026-03-22 20:40:28
999,carne,lapte,2026-03-22 20:40:28
1000,carne,branza,2026-03-22 20:40:28
1001,carne,castraveti,2026-03-22 20:40:28
1002,lactate,vita,2026-03-22 20:40:28
1003,carne,castraveti,2026-03-22 20:40:28
1004,legume,lapte,2026-03-22 20:40:28
1005,carne,vita,2026-03-22 20:40:28
1006,legume,pui,2026-03-22 20:40:28
1007,legume,branza,2026-03-22 20:40:28
1008,carne,branza,2026-03-22 20:40:28
1009,lactate,porc,2026-03-22 20:40:28
1010,legume,castraveti,2026-03-22 20:40:28
1011,lactate,pui,2026-03-22 20:40:28
1012,legume,porc,2026-03-22 20:40:28
1013,carne,rosii,2026-03-22 20:40:28
1014,legume,pui,2026-03-22 20:40:28
1015,carne,vita,2026-03-22 20:40:28
1016,lactate,porc,2026-03-22 20:40:28
1017,carne,pui,2026-03-22 20:40:28
1018,lactate,branza,2026-03-22 20:40:28
1019,legume,pui,2026-03-22 20:40:28
1020,legume,castraveti,2026-03-22 20:40:28
1021,lactate,castraveti,2026-03-22 20:40:28
1022,legume,castraveti,2026-03-22 20:40:28
1023,carne,pui,2026-03-22 20:40:28
1024,carne,rosii,2026-03-22 20:40:28
1025,legume,pui,2026-03-22 20:40:28
1026,lactate,vita,2026-03-22 20:40:28
1027,legume,branza,2026-03-22 20:40:28
1028,legume,pui,2026-03-22 20:40:28
1029,lactate,lapte,2026-03-22 20:40:28
1030,lactate,castraveti,2026-03-22 20:40:28
1031,lactate,porc,2026-03-22 20:40:28
1032,carne,rosii,2026-03-22 20:40:28
1033,legume,rosii,2026-03-22 20:40:28
1034,lactate,pui,2026-03-22 20:40:28
1035,legume,pui,2026-03-22 20:40:28
1036,carne,pui,2026-03-22 20:40:28
1037,carne,morcovi,2026-03-22 20:40:28
1038,lactate,castraveti,2026-03-22 20:40:28
1039,carne,pui,2026-03-22 20:40:28
1040,lactate,morcovi,2026-03-22 20:40:28
1041,lactate,lapte,2026-03-22 20:40:28
1042,lactate,castraveti,2026-03-22 20:40:28
1043,carne,castraveti,2026-03-22 20:40:28
1044,carne,rosii,2026-03-22 20:40:28
1045,legume,morcovi,2026-03-22 20:40:28
1046,legume,rosii,2026-03-22 20:40:28
1047,carne,rosii,2026-03-22 20:40:28
1048,legume,castraveti,2026-03-22 20:40:28
1049,lactate,pui,2026-03-22 20:40:28
1050,lactate,vita,2026-03-22 20:40:28
1051,lactate,morcovi,2026-03-22 20:40:28
1052,lactate,branza,2026-03-22 20:40:28
1053,legume,porc,2026-03-22 20:40:28
1054,legume,morcovi,2026-03-22 20:40:28
1055,legume,castraveti,2026-03-22 20:40:28
1056,carne,morcovi,2026-03-22 20:40:28
1057,carne,castraveti,2026-03-22 20:40:28
1058,legume,vita,2026-03-22 20:40:28
1059,legume,rosii,2026-03-22 20:40:28
1060,lactate,castraveti,2026-03-22 20:40:28
1061,lactate,castraveti,2026-03-22 20:40:28
1062,lactate,porc,2026-03-22 20:40:28
1063,carne,pui,2026-03-22 20:40:29
1064,legume,rosii,2026-03-22 20:40:29
1065,lactate,lapte,2026-03-22 20:40:29
1066,legume,castraveti,2026-03-22 20:40:29
1067,carne,rosii,2026-03-22 20:40:29
1068,carne,rosii,2026-03-22 20:40:29
1069,lactate,pui,2026-03-22 20:40:29
1070,legume,morcovi,2026-03-22 20:40:29
1071,legume,vita,2026-03-22 20:40:29
1072,carne,branza,2026-03-22 20:40:29
1073,carne,rosii,2026-03-22 20:40:29
1074,lactate,lapte,2026-03-22 20:40:29
1075,lactate,porc,2026-03-22 20:40:29
1076,legume,lapte,2026-03-22 20:40:29
1077,carne,lapte,2026-03-22 20:40:29
1078,legume,vita,2026-03-22 20:40:29
1079,carne,lapte,2026-03-22 20:40:29
1080,carne,morcovi,2026-03-22 20:40:29
1081,carne,pui,2026-04-07 12:40:26
1082,lactate,morcovi,2026-04-07 12:40:26
1083,legume,pui,2026-04-07 12:40:26
1084,legume,porc,2026-04-07 12:40:26
1085,lactate,pui,2026-04-07 12:40:26
1086,lactate,morcovi,2026-04-07 12:40:26
1087,lactate,lapte,2026-04-07 12:40:26
1088,carne,castraveti,2026-04-07 12:40:26
1089,carne,vita,2026-04-07 12:40:26
1090,lactate,morcovi,2026-04-07 12:40:26
1091,legume,porc,2026-04-07 12:40:26
1092,carne,lapte,2026-04-07 12:40:26
1093,carne,lapte,2026-04-07 12:40:26
1094,lactate,vita,2026-04-07 12:40:26
1095,carne,morcovi,2026-04-07 12:40:26
1096,carne,vita,2026-04-07 12:40:26
1097,legume,porc,2026-04-07 12:40:26
1098,legume,porc,2026-04-07 12:40:26
1099,legume,morcovi,2026-04-07 12:40:26
1100,lactate,morcovi,2026-04-07 12:40:26
1101,carne,castraveti,2026-04-07 12:40:26
1102,lactate,branza,2026-04-07 12:40:26
1103,lactate,vita,2026-04-07 12:40:26
1104,carne,morcovi,2026-04-07 12:40:26
1105,lactate,branza,2026-04-07 12:40:26
1106,legume,castraveti,2026-04-07 12:40:26
1107,lactate,rosii,2026-04-07 12:40:26
1108,carne,rosii,2026-04-07 12:40:26
1109,lactate,branza,2026-04-07 12:40:26
1110,carne,morcovi,2026-04-07 12:40:26
1111,lactate,pui,2026-04-07 12:40:26
1112,legume,porc,2026-04-07 12:40:26
1113,lactate,porc,2026-04-07 12:40:26
1114,lactate,lapte,2026-04-07 12:40:26
1115,carne,porc,2026-04-07 12:40:26
1116,carne,pui,2026-04-07 12:40:26
1117,lactate,pui,2026-04-07 12:40:26
1118,lactate,branza,2026-04-07 12:40:26
1119,legume,lapte,2026-04-07 12:40:26
1120,carne,lapte,2026-04-07 12:40:26
1121,carne,morcovi,2026-04-07 12:40:26
1122,lactate,morcovi,2026-04-07 12:40:26
1123,carne,lapte,2026-04-07 12:40:26
1124,carne,branza,2026-04-07 12:40:26
1125,legume,lapte,2026-04-07 12:40:26
1126,legume,porc,2026-04-07 12:40:26
1127,carne,lapte,2026-04-07 12:40:26
1128,legume,lapte,2026-04-07 12:40:26
1129,legume,pui,2026-04-07 12:40:26
1130,lactate,rosii,2026-04-07 12:40:26
1131,lactate,vita,2026-04-07 12:40:26
1132,lactate,morcovi,2026-04-07 12:40:26
1133,legume,porc,2026-04-07 12:40:26
1134,legume,pui,2026-04-07 12:40:26
1135,legume,lapte,2026-04-07 12:40:26
1136,carne,branza,2026-04-07 12:40:26
1137,carne,branza,2026-04-07 12:40:26
1138,carne,vita,2026-04-07 12:40:26
1139,carne,vita,2026-04-07 12:40:26
1140,legume,pui,2026-04-07 12:40:26
1141,lactate,porc,2026-04-07 12:40:26
1142,legume,lapte,2026-04-07 12:40:26
1143,lactate,castraveti,2026-04-07 12:40:26
1144,legume,morcovi,2026-04-07 12:40:26
1145,legume,porc,2026-04-07 12:40:26
1146,legume,castraveti,2026-04-07 12:40:26
1147,carne,vita,2026-04-07 12:40:26
1148,legume,porc,2026-04-07 12:40:26
1149,lactate,rosii,2026-04-07 12:40:26
1150,carne,morcovi,2026-04-07 12:40:26
1151,lactate,porc,2026-04-07 12:40:26
1152,lactate,rosii,2026-04-07 12:40:26
1153,lactate,morcovi,2026-04-07 12:40:26
1154,lactate,branza,2026-04-07 12:40:26
1155,legume,pui,2026-04-07 12:40:26
1156,carne,morcovi,2026-04-07 12:40:26
1157,lactate,pui,2026-04-07 12:40:26
1158,lactate,rosii,2026-04-07 12:40:26
1159,legume,porc,2026-04-07 12:40:26
1160,carne,branza,2026-04-07 12:40:26
1161,carne,branza,2026-04-07 12:40:26
1162,legume,lapte,2026-04-07 12:40:26
1163,legume,porc,2026-04-07 12:40:26
1164,lactate,lapte,2026-04-07 12:40:26
1165,legume,lapte,2026-04-07 12:40:26
1166,carne,vita,2026-04-07 12:40:26
1167,carne,lapte,2026-04-07 12:40:26
1168,legume,pui,2026-04-07 12:40:26
1169,lactate,porc,2026-04-07 12:40:26
1170,legume,branza,2026-04-07 12:40:26
1171,legume,branza,2026-04-07 12:40:26
1172,carne,pui,2026-04-07 12:40:26
1173,carne,castraveti,2026-04-07 12:40:26
1174,legume,branza,2026-04-07 12:40:26
1175,carne,castraveti,2026-04-07 12:40:26
1176,lactate,pui,2026-04-07 12:40:26
1177,carne,morcovi,2026-04-07 12:40:26
1178,carne,porc,2026-04-07 12:40:26
1179,lactate,pui,2026-04-07 12:40:26
1180,carne,branza,2026-04-07 12:40:26
1181,lactate,porc,2026-04-07 12:40:26
1182,legume,vita,2026-04-07 12:40:26
1183,legume,vita,2026-04-07 12:40:26
1184,lactate,vita,2026-04-07 12:40:26
1185,legume,morcovi,2026-04-07 12:40:26
1186,carne,morcovi,2026-04-07 12:40:26
1187,carne,morcovi,2026-04-07 12:40:26
1188,lactate,pui,2026-04-07 12:40:26
1189,lactate,pui,2026-04-07 12:40:26
1190,lactate,porc,2026-04-07 12:40:26
1191,legume,porc,2026-04-07 12:40:26
1192,lactate,porc,2026-04-07 12:40:26
1193,lactate,pui,2026-04-07 12:40:26
1194,legume,vita,2026-04-07 12:40:26
1195,legume,branza,2026-04-07 12:40:26
1196,legume,rosii,2026-04-07 12:40:26
1197,lactate,vita,2026-04-07 12:40:26
1198,carne,pui,2026-04-07 12:40:26
1199,carne,castraveti,2026-04-07 12:40:26
1200,carne,rosii,2026-04-07 12:40:26
1201,carne,rosii,2026-04-11 15:15:12
1202,legume,pui,2026-04-11 15:15:12
1203,carne,porc,2026-04-11 15:15:12
1204,lactate,pui,2026-04-11 15:15:12
1205,legume,lapte,2026-04-11 15:15:12
1206,legume,lapte,2026-04-11 15:15:12
1207,legume,vita,2026-04-11 15:15:12
1208,legume,rosii,2026-04-11 15:15:12
1209,carne,lapte,2026-04-11 15:15:12
1210,lactate,branza,2026-04-11 15:15:12
1211,lactate,lapte,2026-04-11 15:15:12
1212,lactate,pui,2026-04-11 15:15:12
1213,lactate,lapte,2026-04-11 15:15:12
1214,legume,rosii,2026-04-11 15:15:12
1215,legume,rosii,2026-04-11 15:15:12
1216,lactate,castraveti,2026-04-11 15:15:12
1217,lactate,morcovi,2026-04-11 15:15:12
1218,carne,rosii,2026-04-11 15:15:12
1219,lactate,porc,2026-04-11 15:15:12
1220,carne,porc,2026-04-11 15:15:12
1221,carne,lapte,2026-04-11 15:15:12
1222,legume,lapte,2026-04-11 15:15:12
1223,lactate,castraveti,2026-04-11 15:15:12
1224,lactate,rosii,2026-04-11 15:15:12
1225,carne,castraveti,2026-04-11 15:15:12
1226,legume,rosii,2026-04-11 15:15:12
1227,legume,branza,2026-04-11 15:15:12
1228,lactate,lapte,2026-04-11 15:15:12
1229,lactate,castraveti,2026-04-11 15:15:12
1230,carne,branza,2026-04-11 15:15:12
1231,legume,rosii,2026-04-11 15:15:12
1232,legume,porc,2026-04-11 15:15:12
1233,lactate,rosii,2026-04-11 15:15:12
1234,lactate,rosii,2026-04-11 15:15:12
1235,carne,lapte,2026-04-11 15:15:12
1236,lactate,porc,2026-04-11 15:15:12
1237,lactate,branza,2026-04-11 15:15:12
1238,lactate,pui,2026-04-11 15:15:12
1239,lactate,rosii,2026-04-11 15:15:12
1240,carne,porc,2026-04-11 15:15:12
1241,carne,castraveti,2026-04-11 15:15:12
1242,lactate,vita,2026-04-11 15:15:12
1243,carne,vita,2026-04-11 15:15:12
1244,carne,lapte,2026-04-11 15:15:12
1245,lactate,vita,2026-04-11 15:15:12
1246,carne,lapte,2026-04-11 15:15:12
1247,legume,morcovi,2026-04-11 15:15:12
1248,lactate,branza,2026-04-11 15:15:12
1249,lactate,castraveti,2026-04-11 15:15:12
1250,legume,lapte,2026-04-11 15:15:12
1251,lactate,vita,2026-04-11 15:15:12
1252,carne,lapte,2026-04-11 15:15:12
1253,legume,pui,2026-04-11 15:15:12
1254,lactate,vita,2026-04-11 15:15:12
1255,lactate,vita,2026-04-11 15:15:12
1256,lactate,branza,2026-04-11 15:15:12
1257,lactate,lapte,2026-04-11 15:15:12
1258,carne,rosii,2026-04-11 15:15:12
1259,legume,lapte,2026-04-11 15:15:12
1260,legume,rosii,2026-04-11 15:15:12
1261,legume,morcovi,2026-04-11 15:15:12
1262,legume,rosii,2026-04-11 15:15:12
1263,lactate,vita,2026-04-11 15:15:12
1264,lactate,pui,2026-04-11 15:15:12
1265,legume,rosii,2026-04-11 15:15:12
1266,carne,porc,2026-04-11 15:15:12
1267,legume,porc,2026-04-11 15:15:12
1268,carne,porc,2026-04-11 15:15:12
1269,legume,vita,2026-04-11 15:15:12
1270,legume,rosii,2026-04-11 15:15:12
1271,legume,castraveti,2026-04-11 15:15:12
1272,legume,branza,2026-04-11 15:15:12
1273,carne,castraveti,2026-04-11 15:15:12
1274,legume,castraveti,2026-04-11 15:15:12
1275,carne,castraveti,2026-04-11 15:15:12
1276,legume,porc,2026-04-11 15:15:12
1277,lactate,lapte,2026-04-11 15:15:12
1278,carne,vita,2026-04-11 15:15:12
1279,lactate,branza,2026-04-11 15:15:12
1280,legume,porc,2026-04-11 15:15:12
1281,lactate,morcovi,2026-04-11 15:15:12
1282,legume,vita,2026-04-11 15:15:12
1283,legume,porc,2026-04-11 15:15:12
1284,legume,branza,2026-04-11 15:15:12
1285,legume,rosii,2026-04-11 15:15:12
1286,lactate,branza,2026-04-11 15:15:12
1287,legume,rosii,2026-04-11 15:15:12
1288,legume,porc,2026-04-11 15:15:12
1289,lactate,vita,2026-04-11 15:15:12
1290,lactate,castraveti,2026-04-11 15:15:12
1291,lactate,lapte,2026-04-11 15:15:12
1292,legume,castraveti,2026-04-11 15:15:12
1293,lactate,porc,2026-04-11 15:15:12
1294,lactate,pui,2026-04-11 15:15:12
1295,lactate,rosii,2026-04-11 15:15:12
1296,legume,lapte,2026-04-11 15:15:12
1297,lactate,rosii,2026-04-11 15:15:12
1298,lactate,morcovi,2026-04-11 15:15:12
1299,legume,morcovi,2026-04-11 15:15:12
1300,legume,castraveti,2026-04-11 15:15:12
1301,lactate,vita,2026-04-11 15:15:12
1302,legume,morcovi,2026-04-11 15:15:12
1303,legume,vita,2026-04-11 15:15:12
1304,lactate,pui,2026-04-11 15:15:12
1305,legume,lapte,2026-04-11 15:15:12
1306,lactate,castraveti,2026-04-11 15:15:12
1307,legume,castraveti,2026-04-11 15:15:12
1308,legume,morcovi,2026-04-11 15:15:12
1309,lactate,morcovi,2026-04-11 15:15:12
1310,lactate,pui,2026-04-11 15:15:12
1311,carne,lapte,2026-04-11 15:15:12
1312,carne,rosii,2026-04-11 15:15:12
1313,lactate,lapte,2026-04-11 15:15:12
1314,legume,pui,2026-04-11 15:15:12
1315,legume,pui,2026-04-11 15:15:12
1316,carne,pui,2026-04-11 15:15:12
1317,legume,morcovi,2026-04-11 15:15:12
1318,legume,rosii,2026-04-11 15:15:12
1319,legume,rosii,2026-04-11 15:15:12
1320,carne,pui,2026-04-11 15:15:12
1321,lactate,lapte,2026-04-12 13:47:55
1322,lactate,vita,2026-04-12 13:47:55
1323,carne,branza,2026-04-12 13:47:55
1324,carne,pui,2026-04-12 13:47:55
1325,legume,castraveti,2026-04-12 13:47:55
1326,lactate,vita,2026-04-12 13:47:55
1327,legume,castraveti,2026-04-12 13:47:55
1328,legume,vita,2026-04-12 13:47:55
1329,legume,morcovi,2026-04-12 13:47:55
1330,legume,morcovi,2026-04-12 13:47:55
1331,lactate,morcovi,2026-04-12 13:47:55
1332,carne,rosii,2026-04-12 13:47:55
1333,carne,morcovi,2026-04-12 13:47:55
1334,lactate,rosii,2026-04-12 13:47:55
1335,carne,morcovi,2026-04-12 13:47:55
1336,lactate,morcovi,2026-04-12 13:47:55
1337,lactate,lapte,2026-04-12 13:47:55
1338,lactate,pui,2026-04-12 13:47:55
1339,lactate,branza,2026-04-12 13:47:55
1340,carne,castraveti,2026-04-12 13:47:55
1341,lactate,branza,2026-04-12 13:47:55
1342,legume,vita,2026-04-12 13:47:55
1343,carne,castraveti,2026-04-12 13:47:55
1344,lactate,branza,2026-04-12 13:47:55
1345,legume,castraveti,2026-04-12 13:47:55
1346,lactate,lapte,2026-04-12 13:47:55
1347,legume,porc,2026-04-12 13:47:55
1348,legume,lapte,2026-04-12 13:47:55
1349,carne,lapte,2026-04-12 13:47:55
1350,carne,porc,2026-04-12 13:47:55
1351,carne,morcovi,2026-04-12 13:47:55
1352,carne,pui,2026-04-12 13:47:55
1353,carne,pui,2026-04-12 13:47:55
1354,legume,morcovi,2026-04-12 13:47:55
1355,lactate,pui,2026-04-12 13:47:55
1356,carne,vita,2026-04-12 13:47:55
1357,legume,lapte,2026-04-12 13:47:55
1358,carne,castraveti,2026-04-12 13:47:55
1359,carne,branza,2026-04-12 13:47:55
1360,carne,castraveti,2026-04-12 13:47:55
1361,legume,lapte,2026-04-12 13:47:55
1362,legume,branza,2026-04-12 13:47:55
1363,legume,porc,2026-04-12 13:47:55
1364,legume,rosii,2026-04-12 13:47:55
1365,carne,pui,2026-04-12 13:47:55
1366,carne,branza,2026-04-12 13:47:55
1367,lactate,rosii,2026-04-12 13:47:55
1368,lactate,lapte,2026-04-12 13:47:55
1369,carne,morcovi,2026-04-12 13:47:55
1370,legume,pui,2026-04-12 13:47:55
1371,legume,lapte,2026-04-12 13:47:55
1372,carne,vita,2026-04-12 13:47:55
1373,carne,castraveti,2026-04-12 13:47:55
1374,carne,branza,2026-04-12 13:47:55
1375,lactate,morcovi,2026-04-12 13:47:55
1376,legume,morcovi,2026-04-12 13:47:55
1377,carne,rosii,2026-04-12 13:47:55
1378,carne,porc,2026-04-12 13:47:55
1379,legume,pui,2026-04-12 13:47:55
1380,lactate,branza,2026-04-12 13:47:55
1381,lactate,castraveti,2026-04-12 13:47:55
1382,legume,rosii,2026-04-12 13:47:55
1383,carne,vita,2026-04-12 13:47:55
1384,carne,castraveti,2026-04-12 13:47:55
1385,carne,castraveti,2026-04-12 13:47:55
1386,lactate,rosii,2026-04-12 13:47:55
1387,legume,porc,2026-04-12 13:47:55
1388,lactate,castraveti,2026-04-12 13:47:55
1389,carne,castraveti,2026-04-12 13:47:55
1390,legume,vita,2026-04-12 13:47:55
1391,legume,castraveti,2026-04-12 13:47:55
1392,lactate,pui,2026-04-12 13:47:55
1393,lactate,pui,2026-04-12 13:47:55
1394,lactate,porc,2026-04-12 13:47:55
1395,lactate,morcovi,2026-04-12 13:47:55
1396,legume,castraveti,2026-04-12 13:47:55
1397,carne,morcovi,2026-04-12 13:47:55
1398,lactate,castraveti,2026-04-12 13:47:55
1399,carne,castraveti,2026-04-12 13:47:55
1400,carne,branza,2026-04-12 13:47:55
1401,lactate,morcovi,2026-04-12 13:47:55
1402,legume,morcovi,2026-04-12 13:47:55
1403,legume,pui,2026-04-12 13:47:55
1404,lactate,morcovi,2026-04-12 13:47:55
1405,carne,morcovi,2026-04-12 13:47:55
1406,legume,vita,2026-04-12 13:47:55
1407,carne,porc,2026-04-12 13:47:55
1408,carne,vita,2026-04-12 13:47:55
1409,lactate,branza,2026-04-12 13:47:55
1410,carne,pui,2026-04-12 13:47:55
1411,legume,vita,2026-04-12 13:47:55
1412,legume,vita,2026-04-12 13:47:55
1413,carne,branza,2026-04-12 13:47:55
1414,carne,lapte,2026-04-12 13:47:55
1415,carne,lapte,2026-04-12 13:47:55
1416,legume,morcovi,2026-04-12 13:47:55
1417,lactate,rosii,2026-04-12 13:47:55
1418,carne,pui,2026-04-12 13:47:55
1419,carne,porc,2026-04-12 13:47:55
1420,lactate,vita,2026-04-12 13:47:55
1421,lactate,castraveti,2026-04-12 13:47:55
1422,lactate,rosii,2026-04-12 13:47:55
1423,legume,lapte,2026-04-12 13:47:55
1424,lactate,porc,2026-04-12 13:47:55
1425,carne,morcovi,2026-04-12 13:47:55
1426,legume,vita,2026-04-12 13:47:55
1427,legume,porc,2026-04-12 13:47:55
1428,lactate,pui,2026-04-12 13:47:55
1429,legume,vita,2026-04-12 13:47:55
1430,lactate,lapte,2026-04-12 13:47:55
1431,carne,pui,2026-04-12 13:47:55
1432,carne,pui,2026-04-12 13:47:55
1433,carne,branza,2026-04-12 13:47:55
1434,legume,morcovi,2026-04-12 13:47:55
1435,carne,branza,2026-04-12 13:47:55
1436,legume,pui,2026-04-12 13:47:55
1437,lactate,vita,2026-04-12 13:47:55
1438,legume,lapte,2026-04-12 13:47:55
1439,carne,lapte,2026-04-12 13:47:55
1440,legume,branza,2026-04-12 13:47:55
1441,lactate,porc,2026-04-12 13:49:05
1442,lactate,morcovi,2026-04-12 13:49:05
1443,carne,castraveti,2026-04-12 13:49:05
1444,carne,branza,2026-04-12 13:49:05
1445,carne,morcovi,2026-04-12 13:49:05
1446,lactate,lapte,2026-04-12 13:49:05
1447,legume,porc,2026-04-12 13:49:05
1448,lactate,vita,2026-04-12 13:49:05
1449,legume,castraveti,2026-04-12 13:49:05
1450,lactate,morcovi,2026-04-12 13:49:05
1451,carne,porc,2026-04-12 13:49:05
1452,legume,rosii,2026-04-12 13:49:05
1453,legume,morcovi,2026-04-12 13:49:05
1454,lactate,pui,2026-04-12 13:49:06
1455,legume,branza,2026-04-12 13:49:06
1456,legume,morcovi,2026-04-12 13:49:06
1457,lactate,rosii,2026-04-12 13:49:06
1458,legume,pui,2026-04-12 13:49:06
1459,carne,branza,2026-04-12 13:49:06
1460,lactate,morcovi,2026-04-12 13:49:06
1461,legume,branza,2026-04-12 13:49:06
1462,carne,branza,2026-04-12 13:49:06
1463,carne,porc,2026-04-12 13:49:06
1464,lactate,morcovi,2026-04-12 13:49:06
1465,legume,branza,2026-04-12 13:49:06
1466,legume,rosii,2026-04-12 13:49:06
1467,lactate,morcovi,2026-04-12 13:49:06
1468,lactate,castraveti,2026-04-12 13:49:06
1469,lactate,rosii,2026-04-12 13:49:06
1470,lactate,lapte,2026-04-12 13:49:06
1471,carne,castraveti,2026-04-12 13:49:06
1472,carne,branza,2026-04-12 13:49:06
1473,lactate,branza,2026-04-12 13:49:06
1474,lactate,pui,2026-04-12 13:49:06
1475,lactate,morcovi,2026-04-12 13:49:06
1476,legume,morcovi,2026-04-12 13:49:06
1477,carne,lapte,2026-04-12 13:49:06
1478,legume,porc,2026-04-12 13:49:06
1479,carne,castraveti,2026-04-12 13:49:06
1480,carne,rosii,2026-04-12 13:49:06
1481,legume,branza,2026-04-12 13:49:06
1482,carne,branza,2026-04-12 13:49:06
1483,lactate,lapte,2026-04-12 13:49:06
1484,lactate,morcovi,2026-04-12 13:49:06
1485,carne,morcovi,2026-04-12 13:49:06
1486,legume,rosii,2026-04-12 13:49:06
1487,carne,morcovi,2026-04-12 13:49:06
1488,carne,porc,2026-04-12 13:49:06
1489,carne,morcovi,2026-04-12 13:49:06
1490,lactate,pui,2026-04-12 13:49:06
1491,lactate,pui,2026-04-12 13:49:06
1492,lactate,lapte,2026-04-12 13:49:06
1493,carne,porc,2026-04-12 13:49:06
1494,legume,morcovi,2026-04-12 13:49:06
1495,legume,morcovi,2026-04-12 13:49:06
1496,carne,castraveti,2026-04-12 13:49:06
1497,lactate,porc,2026-04-12 13:49:06
1498,lactate,vita,2026-04-12 13:49:06
1499,carne,castraveti,2026-04-12 13:49:06
1500,lactate,castraveti,2026-04-12 13:49:06
1501,legume,rosii,2026-04-12 13:49:06
1502,lactate,vita,2026-04-12 13:49:06
1503,legume,porc,2026-04-12 13:49:06
1504,lactate,castraveti,2026-04-12 13:49:06
1505,carne,lapte,2026-04-12 13:49:06
1506,carne,lapte,2026-04-12 13:49:06
1507,lactate,castraveti,2026-04-12 13:49:06
1508,lactate,pui,2026-04-12 13:49:06
1509,lactate,lapte,2026-04-12 13:49:06
1510,legume,pui,2026-04-12 13:49:06
1511,lactate,vita,2026-04-12 13:49:06
1512,lactate,morcovi,2026-04-12 13:49:06
1513,legume,pui,2026-04-12 13:49:06
1514,legume,porc,2026-04-12 13:49:06
1515,carne,vita,2026-04-12 13:49:06
1516,carne,pui,2026-04-12 13:49:06
1517,legume,porc,2026-04-12 13:49:06
1518,legume,porc,2026-04-12 13:49:06
1519,lactate,rosii,2026-04-12 13:49:06
1520,lactate,branza,2026-04-12 13:49:06
1521,lactate,lapte,2026-04-12 13:49:06
1522,legume,vita,2026-04-12 13:49:06
1523,lactate,lapte,2026-04-12 13:49:06
1524,carne,porc,2026-04-12 13:49:06
1525,legume,porc,2026-04-12 13:49:06
1526,lactate,lapte,2026-04-12 13:49:06
1527,legume,lapte,2026-04-12 13:49:06
1528,legume,porc,2026-04-12 13:49:06
1529,lactate,vita,2026-04-12 13:49:06
1530,carne,vita,2026-04-12 13:49:06
1531,legume,lapte,2026-04-12 13:49:06
1532,lactate,morcovi,2026-04-12 13:49:06
1533,carne,morcovi,2026-04-12 13:49:06
1534,legume,porc,2026-04-12 13:49:06
1535,carne,porc,2026-04-12 13:49:06
1536,legume,castraveti,2026-04-12 13:49:06
1537,legume,pui,2026-04-12 13:49:06
1538,lactate,porc,2026-04-12 13:49:06
1539,legume,pui,2026-04-12 13:49:06
1540,legume,rosii,2026-04-12 13:49:06
1541,lactate,pui,2026-04-12 13:49:06
1542,legume,pui,2026-04-12 13:49:06
1543,lactate,pui,2026-04-12 13:49:06
1544,legume,porc,2026-04-12 13:49:06
1545,lactate,rosii,2026-04-12 13:49:06
1546,legume,vita,2026-04-12 13:49:06
1547,legume,castraveti,2026-04-12 13:49:06
1548,legume,rosii,2026-04-12 13:49:06
1549,carne,branza,2026-04-12 13:49:06
1550,legume,vita,2026-04-12 13:49:06
1551,carne,morcovi,2026-04-12 13:49:06
1552,carne,morcovi,2026-04-12 13:49:06
1553,carne,vita,2026-04-12 13:49:06
1554,carne,pui,2026-04-12 13:49:06
1555,lactate,castraveti,2026-04-12 13:49:06
1556,legume,porc,2026-04-12 13:49:06
1557,carne,branza,2026-04-12 13:49:06
1558,carne,pui,2026-04-12 13:49:06
1559,lactate,rosii,2026-04-12 13:49:06
1560,carne,porc,2026-04-12 13:49:06
1561,legume,lapte,2026-04-12 14:04:13
1562,carne,morcovi,2026-04-12 14:04:13
1563,carne,morcovi,2026-04-12 14:04:13
1564,lactate,porc,2026-04-12 14:04:13
1565,legume,morcovi,2026-04-12 14:04:13
1566,lactate,porc,2026-04-12 14:04:13
1567,legume,lapte,2026-04-12 14:04:13
1568,legume,pui,2026-04-12 14:04:13
1569,lactate,vita,2026-04-12 14:04:13
1570,carne,lapte,2026-04-12 14:04:13
1571,carne,branza,2026-04-12 14:04:13
1572,legume,branza,2026-04-12 14:04:13
1573,carne,lapte,2026-04-12 14:04:13
1574,lactate,branza,2026-04-12 14:04:13
1575,lactate,vita,2026-04-12 14:04:13
1576,carne,branza,2026-04-12 14:04:13
1577,carne,pui,2026-04-12 14:04:13
1578,legume,porc,2026-04-12 14:04:13
1579,legume,castraveti,2026-04-12 14:04:13
1580,carne,pui,2026-04-12 14:04:13
1581,legume,vita,2026-04-12 14:04:13
1582,legume,branza,2026-04-12 14:04:13
1583,carne,lapte,2026-04-12 14:04:13
1584,carne,porc,2026-04-12 14:04:13
1585,carne,rosii,2026-04-12 14:04:13
1586,carne,branza,2026-04-12 14:04:13
1587,legume,pui,2026-04-12 14:04:13
1588,carne,lapte,2026-04-12 14:04:13
1589,legume,morcovi,2026-04-12 14:04:13
1590,legume,lapte,2026-04-12 14:04:13
1591,legume,castraveti,2026-04-12 14:04:13
1592,carne,lapte,2026-04-12 14:04:13
1593,legume,lapte,2026-04-12 14:04:13
1594,lactate,morcovi,2026-04-12 14:04:13
1595,lactate,castraveti,2026-04-12 14:04:13
1596,carne,morcovi,2026-04-12 14:04:13
1597,carne,branza,2026-04-12 14:04:13
1598,lactate,morcovi,2026-04-12 14:04:13
1599,lactate,vita,2026-04-12 14:04:13
1600,lactate,rosii,2026-04-12 14:04:13
1601,carne,lapte,2026-04-12 14:04:13
1602,lactate,castraveti,2026-04-12 14:04:13
1603,lactate,branza,2026-04-12 14:04:13
1604,carne,rosii,2026-04-12 14:04:13
1605,lactate,vita,2026-04-12 14:04:13
1606,lactate,porc,2026-04-12 14:04:13
1607,carne,rosii,2026-04-12 14:04:13
1608,lactate,vita,2026-04-12 14:04:13
1609,lactate,castraveti,2026-04-12 14:04:13
1610,legume,rosii,2026-04-12 14:04:13
1611,legume,vita,2026-04-12 14:04:13
1612,legume,porc,2026-04-12 14:04:13
1613,lactate,rosii,2026-04-12 14:04:13
1614,carne,rosii,2026-04-12 14:04:13
1615,carne,porc,2026-04-12 14:04:13
1616,legume,branza,2026-04-12 14:04:13
1617,legume,porc,2026-04-12 14:04:13
1618,legume,porc,2026-04-12 14:04:13
1619,legume,vita,2026-04-12 14:04:13
1620,carne,castraveti,2026-04-12 14:04:13
1621,lactate,porc,2026-04-12 14:04:13
1622,carne,morcovi,2026-04-12 14:04:13
1623,lactate,morcovi,2026-04-12 14:04:13
1624,lactate,branza,2026-04-12 14:04:13
1625,legume,branza,2026-04-12 14:04:13
1626,legume,pui,2026-04-12 14:04:13
1627,carne,rosii,2026-04-12 14:04:13
1628,legume,lapte,2026-04-12 14:04:13
1629,legume,vita,2026-04-12 14:04:13
1630,carne,pui,2026-04-12 14:04:13
1631,legume,vita,2026-04-12 14:04:13
1632,legume,castraveti,2026-04-12 14:04:13
1633,lactate,rosii,2026-04-12 14:04:13
1634,legume,pui,2026-04-12 14:04:13
1635,carne,porc,2026-04-12 14:04:13
1636,legume,rosii,2026-04-12 14:04:13
1637,legume,pui,2026-04-12 14:04:13
1638,legume,pui,2026-04-12 14:04:13
1639,lactate,lapte,2026-04-12 14:04:13
1640,lactate,porc,2026-04-12 14:04:13
1641,carne,vita,2026-04-12 14:04:13
1642,legume,branza,2026-04-12 14:04:13
1643,legume,porc,2026-04-12 14:04:14
1644,legume,rosii,2026-04-12 14:04:14
1645,carne,rosii,2026-04-12 14:04:14
1646,carne,branza,2026-04-12 14:04:14
1647,carne,morcovi,2026-04-12 14:04:14
1648,lactate,castraveti,2026-04-12 14:04:14
1649,carne,castraveti,2026-04-12 14:04:14
1650,carne,porc,2026-04-12 14:04:14
1651,carne,branza,2026-04-12 14:04:14
1652,carne,porc,2026-04-12 14:04:14
1653,carne,lapte,2026-04-12 14:04:14
1654,lactate,rosii,2026-04-12 14:04:14
1655,lactate,porc,2026-04-12 14:04:14
1656,lactate,rosii,2026-04-12 14:04:14
1657,lactate,lapte,2026-04-12 14:04:14
1658,legume,branza,2026-04-12 14:04:14
1659,lactate,porc,2026-04-12 14:04:14
1660,carne,porc,2026-04-12 14:04:14
1661,legume,lapte,2026-04-12 14:04:14
1662,carne,branza,2026-04-12 14:04:14
1663,carne,porc,2026-04-12 14:04:14
1664,lactate,castraveti,2026-04-12 14:04:14
1665,legume,lapte,2026-04-12 14:04:14
1666,legume,rosii,2026-04-12 14:04:14
1667,carne,lapte,2026-04-12 14:04:14
1668,carne,morcovi,2026-04-12 14:04:14
1669,carne,porc,2026-04-12 14:04:14
1670,legume,lapte,2026-04-12 14:04:14
1671,lactate,pui,2026-04-12 14:04:14
1672,carne,morcovi,2026-04-12 14:04:14
1673,carne,morcovi,2026-04-12 14:04:14
1674,lactate,vita,2026-04-12 14:04:14
1675,lactate,castraveti,2026-04-12 14:04:14
1676,carne,morcovi,2026-04-12 14:04:14
1677,legume,porc,2026-04-12 14:04:14
1678,lactate,vita,2026-04-12 14:04:14
1679,legume,porc,2026-04-12 14:04:14
1680,carne,castraveti,2026-04-12 14:04:14
1681,lactate,porc,2026-04-12 14:07:48
1682,carne,lapte,2026-04-12 14:07:48
1683,legume,rosii,2026-04-12 14:07:48
1684,lactate,branza,2026-04-12 14:07:48
1685,legume,castraveti,2026-04-12 14:07:48
1686,legume,morcovi,2026-04-12 14:07:48
1687,carne,vita,2026-04-12 14:07:48
1688,carne,vita,2026-04-12 14:07:48
1689,lactate,pui,2026-04-12 14:07:48
1690,carne,pui,2026-04-12 14:07:48
1691,legume,rosii,2026-04-12 14:07:48
1692,lactate,castraveti,2026-04-12 14:07:48
1693,lactate,pui,2026-04-12 14:07:48
1694,legume,rosii,2026-04-12 14:07:48
1695,carne,rosii,2026-04-12 14:07:48
1696,carne,pui,2026-04-12 14:07:48
1697,legume,lapte,2026-04-12 14:07:48
1698,lactate,lapte,2026-04-12 14:07:48
1699,carne,pui,2026-04-12 14:07:48
1700,carne,vita,2026-04-12 14:07:48
1701,carne,pui,2026-04-12 14:07:48
1702,carne,rosii,2026-04-12 14:07:48
1703,legume,branza,2026-04-12 14:07:48
1704,legume,lapte,2026-04-12 14:07:48
1705,lactate,branza,2026-04-12 14:07:48
1706,carne,pui,2026-04-12 14:07:48
1707,carne,castraveti,2026-04-12 14:07:48
1708,carne,castraveti,2026-04-12 14:07:48
1709,carne,vita,2026-04-12 14:07:48
1710,legume,lapte,2026-04-12 14:07:48
1711,legume,lapte,2026-04-12 14:07:48
1712,carne,pui,2026-04-12 14:07:48
1713,legume,branza,2026-04-12 14:07:49
1714,carne,lapte,2026-04-12 14:07:49
1715,legume,rosii,2026-04-12 14:07:49
1716,carne,porc,2026-04-12 14:07:49
1717,lactate,morcovi,2026-04-12 14:07:49
1718,lactate,lapte,2026-04-12 14:07:49
1719,legume,pui,2026-04-12 14:07:49
1720,legume,rosii,2026-04-12 14:07:49
1721,carne,lapte,2026-04-12 14:07:49
1722,carne,vita,2026-04-12 14:07:49
1723,lactate,vita,2026-04-12 14:07:49
1724,carne,lapte,2026-04-12 14:07:49
1725,lactate,branza,2026-04-12 14:07:49
1726,legume,morcovi,2026-04-12 14:07:49
1727,legume,lapte,2026-04-12 14:07:49
1728,lactate,branza,2026-04-12 14:07:49
1729,carne,branza,2026-04-12 14:07:49
1730,lactate,morcovi,2026-04-12 14:07:49
1731,carne,vita,2026-04-12 14:07:49
1732,carne,rosii,2026-04-12 14:07:49
1733,carne,lapte,2026-04-12 14:07:49
1734,lactate,lapte,2026-04-12 14:07:49
1735,lactate,porc,2026-04-12 14:07:49
1736,carne,vita,2026-04-12 14:07:49
1737,carne,rosii,2026-04-12 14:07:49
1738,legume,rosii,2026-04-12 14:07:49
1739,legume,rosii,2026-04-12 14:07:49
1740,legume,porc,2026-04-12 14:07:49
1741,legume,vita,2026-04-12 14:07:49
1742,legume,vita,2026-04-12 14:07:49
1743,carne,branza,2026-04-12 14:07:49
1744,legume,lapte,2026-04-12 14:07:49
1745,lactate,porc,2026-04-12 14:07:49
1746,lactate,rosii,2026-04-12 14:07:49
1747,carne,lapte,2026-04-12 14:07:49
1748,legume,pui,2026-04-12 14:07:49
1749,lactate,lapte,2026-04-12 14:07:49
1750,lactate,pui,2026-04-12 14:07:49
1751,lactate,castraveti,2026-04-12 14:07:49
1752,carne,porc,2026-04-12 14:07:49
1753,legume,pui,2026-04-12 14:07:49
1754,carne,branza,2026-04-12 14:07:49
1755,carne,porc,2026-04-12 14:07:49
1756,legume,morcovi,2026-04-12 14:07:49
1757,legume,branza,2026-04-12 14:07:49
1758,legume,castraveti,2026-04-12 14:07:49
1759,carne,castraveti,2026-04-12 14:07:49
1760,carne,lapte,2026-04-12 14:07:49
1761,carne,pui,2026-04-12 14:07:49
1762,legume,porc,2026-04-12 14:07:49
1763,legume,lapte,2026-04-12 14:07:49
1764,carne,vita,2026-04-12 14:07:49
1765,lactate,porc,2026-04-12 14:07:49
1766,carne,morcovi,2026-04-12 14:07:49
1767,lactate,castraveti,2026-04-12 14:07:49
1768,lactate,rosii,2026-04-12 14:07:49
1769,carne,morcovi,2026-04-12 14:07:49
1770,carne,lapte,2026-04-12 14:07:49
1771,lactate,porc,2026-04-12 14:07:49
1772,carne,lapte,2026-04-12 14:07:49
1773,carne,branza,2026-04-12 14:07:49
1774,carne,lapte,2026-04-12 14:07:49
1775,lactate,lapte,2026-04-12 14:07:49
1776,carne,lapte,2026-04-12 14:07:49
1777,lactate,vita,2026-04-12 14:07:49
1778,lactate,morcovi,2026-04-12 14:07:49
1779,carne,vita,2026-04-12 14:07:49
1780,carne,lapte,2026-04-12 14:07:49
1781,lactate,vita,2026-04-12 14:07:49
1782,legume,pui,2026-04-12 14:07:49
1783,legume,pui,2026-04-12 14:07:49
1784,legume,rosii,2026-04-12 14:07:49
1785,lactate,pui,2026-04-12 14:07:49
1786,lactate,vita,2026-04-12 14:07:49
1787,lactate,rosii,2026-04-12 14:07:49
1788,carne,branza,2026-04-12 14:07:49
1789,legume,morcovi,2026-04-12 14:07:49
1790,legume,morcovi,2026-04-12 14:07:49
1791,legume,rosii,2026-04-12 14:07:49
1792,lactate,pui,2026-04-12 14:07:49
1793,legume,pui,2026-04-12 14:07:49
1794,lactate,porc,2026-04-12 14:07:49
1795,carne,castraveti,2026-04-12 14:07:49
1796,carne,castraveti,2026-04-12 14:07:49
1797,lactate,porc,2026-04-12 14:07:49
1798,legume,vita,2026-04-12 14:07:49
1799,lactate,porc,2026-04-12 14:07:49
1800,legume,pui,2026-04-12 14:07:49
1801,legume,porc,2026-04-12 14:28:02
1802,legume,porc,2026-04-12 14:28:02
1803,carne,branza,2026-04-12 14:28:02
1804,legume,pui,2026-04-12 14:28:02
1805,legume,morcovi,2026-04-12 14:28:02
1806,lactate,lapte,2026-04-12 14:28:02
1807,legume,morcovi,2026-04-12 14:28:02
1808,lactate,pui,2026-04-12 14:28:02
1809,lactate,vita,2026-04-12 14:28:02
1810,lactate,branza,2026-04-12 14:28:02
1811,legume,branza,2026-04-12 14:28:02
1812,carne,castraveti,2026-04-12 14:28:02
1813,carne,branza,2026-04-12 14:28:02
1814,carne,porc,2026-04-12 14:28:02
1815,legume,vita,2026-04-12 14:28:02
1816,lactate,porc,2026-04-12 14:28:02
1817,legume,lapte,2026-04-12 14:28:02
1818,lactate,lapte,2026-04-12 14:28:02
1819,carne,pui,2026-04-12 14:28:02
1820,lactate,rosii,2026-04-12 14:28:02
1821,lactate,branza,2026-04-12 14:28:02
1822,lactate,vita,2026-04-12 14:28:02
1823,legume,pui,2026-04-12 14:28:02
1824,carne,morcovi,2026-04-12 14:28:02
1825,carne,branza,2026-04-12 14:28:02
1826,legume,lapte,2026-04-12 14:28:02
1827,carne,pui,2026-04-12 14:28:02
1828,legume,morcovi,2026-04-12 14:28:02
1829,legume,morcovi,2026-04-12 14:28:02
1830,legume,branza,2026-04-12 14:28:02
1831,legume,pui,2026-04-12 14:28:02
1832,legume,castraveti,2026-04-12 14:28:02
1833,lactate,rosii,2026-04-12 14:28:02
1834,carne,lapte,2026-04-12 14:28:02
1835,carne,branza,2026-04-12 14:28:02
1836,carne,lapte,2026-04-12 14:28:02
1837,lactate,lapte,2026-04-12 14:28:02
1838,legume,rosii,2026-04-12 14:28:02
1839,legume,porc,2026-04-12 14:28:02
1840,legume,rosii,2026-04-12 14:28:02
1841,carne,branza,2026-04-12 14:28:02
1842,lactate,vita,2026-04-12 14:28:02
1843,lactate,lapte,2026-04-12 14:28:02
1844,lactate,morcovi,2026-04-12 14:28:02
1845,legume,morcovi,2026-04-12 14:28:02
1846,legume,lapte,2026-04-12 14:28:02
1847,carne,pui,2026-04-12 14:28:02
1848,lactate,porc,2026-04-12 14:28:02
1849,lactate,castraveti,2026-04-12 14:28:02
1850,lactate,vita,2026-04-12 14:28:02
1851,lactate,vita,2026-04-12 14:28:02
1852,carne,vita,2026-04-12 14:28:02
1853,legume,branza,2026-04-12 14:28:02
1854,lactate,morcovi,2026-04-12 14:28:02
1855,carne,porc,2026-04-12 14:28:02
1856,carne,vita,2026-04-12 14:28:02
1857,legume,vita,2026-04-12 14:28:02
1858,carne,castraveti,2026-04-12 14:28:02
1859,lactate,morcovi,2026-04-12 14:28:02
1860,lactate,porc,2026-04-12 14:28:02
1861,carne,vita,2026-04-12 14:28:02
1862,carne,castraveti,2026-04-12 14:28:02
1863,legume,castraveti,2026-04-12 14:28:02
1864,lactate,porc,2026-04-12 14:28:02
1865,legume,morcovi,2026-04-12 14:28:02
1866,carne,morcovi,2026-04-12 14:28:02
1867,lactate,lapte,2026-04-12 14:28:02
1868,legume,vita,2026-04-12 14:28:02
1869,legume,rosii,2026-04-12 14:28:02
1870,legume,vita,2026-04-12 14:28:02
1871,carne,lapte,2026-04-12 14:28:02
1872,legume,castraveti,2026-04-12 14:28:02
1873,carne,branza,2026-04-12 14:28:02
1874,carne,castraveti,2026-04-12 14:28:02
1875,carne,porc,2026-04-12 14:28:02
1876,carne,vita,2026-04-12 14:28:02
1877,carne,morcovi,2026-04-12 14:28:02
1878,legume,pui,2026-04-12 14:28:02
1879,legume,lapte,2026-04-12 14:28:02
1880,carne,pui,2026-04-12 14:28:02
1881,lactate,branza,2026-04-12 14:28:02
1882,carne,castraveti,2026-04-12 14:28:02
1883,lactate,pui,2026-04-12 14:28:02
1884,carne,branza,2026-04-12 14:28:02
1885,lactate,branza,2026-04-12 14:28:02
1886,carne,branza,2026-04-12 14:28:02
1887,carne,vita,2026-04-12 14:28:02
1888,carne,vita,2026-04-12 14:28:02
1889,lactate,morcovi,2026-04-12 14:28:02
1890,legume,porc,2026-04-12 14:28:02
1891,carne,porc,2026-04-12 14:28:02
1892,carne,branza,2026-04-12 14:28:02
1893,legume,branza,2026-04-12 14:28:02
1894,carne,rosii,2026-04-12 14:28:02
1895,carne,porc,2026-04-12 14:28:02
1896,carne,lapte,2026-04-12 14:28:02
1897,lactate,morcovi,2026-04-12 14:28:02
1898,lactate,lapte,2026-04-12 14:28:02
1899,lactate,morcovi,2026-04-12 14:28:02
1900,legume,rosii,2026-04-12 14:28:02
1901,lactate,rosii,2026-04-12 14:28:02
1902,carne,castraveti,2026-04-12 14:28:02
1903,carne,castraveti,2026-04-12 14:28:02
1904,carne,vita,2026-04-12 14:28:02
1905,legume,porc,2026-04-12 14:28:02
1906,lactate,branza,2026-04-12 14:28:02
1907,lactate,vita,2026-04-12 14:28:02
1908,legume,castraveti,2026-04-12 14:28:02
1909,legume,castraveti,2026-04-12 14:28:02
1910,legume,pui,2026-04-12 14:28:02
1911,legume,vita,2026-04-12 14:28:02
1912,lactate,lapte,2026-04-12 14:28:02
1913,legume,vita,2026-04-12 14:28:02
1914,lactate,pui,2026-04-12 14:28:02
1915,carne,porc,2026-04-12 14:28:02
1916,lactate,morcovi,2026-04-12 14:28:02
1917,carne,vita,2026-04-12 14:28:02
1918,carne,vita,2026-04-12 14:28:02
1919,legume,pui,2026-04-12 14:28:02
1920,legume,rosii,2026-04-12 14:28:02
1921,legume,castraveti,2026-04-12 14:33:20
1922,legume,rosii,2026-04-12 14:33:20
1923,carne,lapte,2026-04-12 14:33:20
1924,lactate,castraveti,2026-04-12 14:33:20
1925,carne,lapte,2026-04-12 14:33:20
1926,legume,castraveti,2026-04-12 14:33:20
1927,carne,castraveti,2026-04-12 14:33:20
1928,legume,lapte,2026-04-12 14:33:20
1929,carne,vita,2026-04-12 14:33:20
1930,carne,porc,2026-04-12 14:33:20
1931,carne,lapte,2026-04-12 14:33:20
1932,legume,pui,2026-04-12 14:33:20
1933,carne,porc,2026-04-12 14:33:20
1934,lactate,branza,2026-04-12 14:33:20
1935,legume,pui,2026-04-12 14:33:20
1936,lactate,rosii,2026-04-12 14:33:20
1937,legume,rosii,2026-04-12 14:33:20
1938,legume,morcovi,2026-04-12 14:33:20
1939,carne,lapte,2026-04-12 14:33:20
1940,lactate,pui,2026-04-12 14:33:20
1941,lactate,branza,2026-04-12 14:33:20
1942,lactate,morcovi,2026-04-12 14:33:20
1943,legume,lapte,2026-04-12 14:33:20
1944,lactate,pui,2026-04-12 14:33:20
1945,carne,morcovi,2026-04-12 14:33:20
1946,carne,porc,2026-04-12 14:33:20
1947,legume,castraveti,2026-04-12 14:33:20
1948,lactate,castraveti,2026-04-12 14:33:20
1949,legume,morcovi,2026-04-12 14:33:20
1950,lactate,rosii,2026-04-12 14:33:20
1951,lactate,morcovi,2026-04-12 14:33:20
1952,lactate,lapte,2026-04-12 14:33:20
1953,legume,branza,2026-04-12 14:33:20
1954,lactate,castraveti,2026-04-12 14:33:20
1955,carne,vita,2026-04-12 14:33:20
1956,legume,porc,2026-04-12 14:33:20
1957,legume,pui,2026-04-12 14:33:21
1958,legume,lapte,2026-04-12 14:33:21
1959,legume,rosii,2026-04-12 14:33:21
1960,legume,lapte,2026-04-12 14:33:21
1961,lactate,rosii,2026-04-12 14:33:21
1962,legume,branza,2026-04-12 14:33:21
1963,carne,morcovi,2026-04-12 14:33:21
1964,legume,morcovi,2026-04-12 14:33:21
1965,carne,porc,2026-04-12 14:33:21
1966,legume,lapte,2026-04-12 14:33:21
1967,legume,porc,2026-04-12 14:33:21
1968,legume,morcovi,2026-04-12 14:33:21
1969,legume,pui,2026-04-12 14:33:21
1970,legume,castraveti,2026-04-12 14:33:21
1971,legume,branza,2026-04-12 14:33:21
1972,legume,lapte,2026-04-12 14:33:21
1973,lactate,branza,2026-04-12 14:33:21
1974,carne,rosii,2026-04-12 14:33:21
1975,legume,pui,2026-04-12 14:33:21
1976,carne,porc,2026-04-12 14:33:21
1977,lactate,porc,2026-04-12 14:33:21
1978,lactate,lapte,2026-04-12 14:33:21
1979,carne,rosii,2026-04-12 14:33:21
1980,carne,rosii,2026-04-12 14:33:21
1981,legume,castraveti,2026-04-12 14:33:21
1982,carne,lapte,2026-04-12 14:33:21
1983,carne,castraveti,2026-04-12 14:33:21
1984,legume,castraveti,2026-04-12 14:33:21
1985,carne,porc,2026-04-12 14:33:21
1986,legume,rosii,2026-04-12 14:33:21
1987,carne,castraveti,2026-04-12 14:33:21
1988,legume,rosii,2026-04-12 14:33:21
1989,carne,lapte,2026-04-12 14:33:21
1990,legume,morcovi,2026-04-12 14:33:21
1991,carne,rosii,2026-04-12 14:33:21
1992,lactate,lapte,2026-04-12 14:33:21
1993,legume,morcovi,2026-04-12 14:33:21
1994,legume,porc,2026-04-12 14:33:21
1995,legume,pui,2026-04-12 14:33:21
1996,legume,porc,2026-04-12 14:33:21
1997,legume,porc,2026-04-12 14:33:21
1998,carne,pui,2026-04-12 14:33:21
1999,lactate,morcovi,2026-04-12 14:33:21
2000,legume,rosii,2026-04-12 14:33:21
2001,carne,pui,2026-04-12 14:33:21
2002,lactate,pui,2026-04-12 14:33:21
2003,carne,lapte,2026-04-12 14:33:21
2004,legume,branza,2026-04-12 14:33:21
2005,carne,morcovi,2026-04-12 14:33:21
2006,lactate,lapte,2026-04-12 14:33:21
2007,lactate,branza,2026-04-12 14:33:21
2008,legume,porc,2026-04-12 14:33:21
2009,lactate,pui,2026-04-12 14:33:21
2010,lactate,branza,2026-04-12 14:33:21
2011,legume,branza,2026-04-12 14:33:21
2012,lactate,porc,2026-04-12 14:33:21
2013,legume,morcovi,2026-04-12 14:33:21
2014,lactate,vita,2026-04-12 14:33:21
2015,legume,porc,2026-04-12 14:33:21
2016,lactate,rosii,2026-04-12 14:33:21
2017,lactate,porc,2026-04-12 14:33:21
2018,lactate,morcovi,2026-04-12 14:33:21
2019,legume,vita,2026-04-12 14:33:21
2020,carne,vita,2026-04-12 14:33:21
2021,legume,lapte,2026-04-12 14:33:21
2022,legume,branza,2026-04-12 14:33:21
2023,legume,branza,2026-04-12 14:33:21
2024,legume,lapte,2026-04-12 14:33:21
2025,lactate,castraveti,2026-04-12 14:33:21
2026,carne,vita,2026-04-12 14:33:21
2027,lactate,lapte,2026-04-12 14:33:21
2028,legume,pui,2026-04-12 14:33:21
2029,lactate,vita,2026-04-12 14:33:21
2030,legume,rosii,2026-04-12 14:33:21
2031,carne,rosii,2026-04-12 14:33:21
2032,carne,rosii,2026-04-12 14:33:21
2033,lactate,porc,2026-04-12 14:33:21
2034,carne,pui,2026-04-12 14:33:21
2035,legume,porc,2026-04-12 14:33:21
2036,legume,pui,2026-04-12 14:33:21
2037,legume,lapte,2026-04-12 14:33:21
2038,legume,branza,2026-04-12 14:33:21
2039,lactate,castraveti,2026-04-12 14:33:21
2040,carne,porc,2026-04-12 14:33:21
2041,lactate,branza,2026-04-12 14:35:50
2042,lactate,lapte,2026-04-12 14:35:50
2043,carne,morcovi,2026-04-12 14:35:50
2044,carne,pui,2026-04-12 14:35:50
2045,carne,lapte,2026-04-12 14:35:50
2046,legume,morcovi,2026-04-12 14:35:50
2047,legume,branza,2026-04-12 14:35:50
2048,carne,rosii,2026-04-12 14:35:50
2049,lactate,rosii,2026-04-12 14:35:50
2050,carne,vita,2026-04-12 14:35:50
2051,legume,castraveti,2026-04-12 14:35:50
2052,lactate,morcovi,2026-04-12 14:35:50
2053,lactate,porc,2026-04-12 14:35:50
2054,legume,porc,2026-04-12 14:35:50
2055,carne,branza,2026-04-12 14:35:50
2056,lactate,pui,2026-04-12 14:35:50
2057,lactate,porc,2026-04-12 14:35:50
2058,lactate,rosii,2026-04-12 14:35:50
2059,lactate,vita,2026-04-12 14:35:50
2060,legume,pui,2026-04-12 14:35:50
2061,lactate,castraveti,2026-04-12 14:35:50
2062,carne,morcovi,2026-04-12 14:35:50
2063,carne,morcovi,2026-04-12 14:35:50
2064,legume,branza,2026-04-12 14:35:50
2065,legume,vita,2026-04-12 14:35:50
2066,lactate,pui,2026-04-12 14:35:50
2067,lactate,vita,2026-04-12 14:35:50
2068,legume,vita,2026-04-12 14:35:50
2069,carne,branza,2026-04-12 14:35:50
2070,carne,vita,2026-04-12 14:35:50
2071,lactate,lapte,2026-04-12 14:35:50
2072,lactate,porc,2026-04-12 14:35:50
2073,legume,vita,2026-04-12 14:35:50
2074,lactate,branza,2026-04-12 14:35:50
2075,carne,pui,2026-04-12 14:35:50
2076,lactate,lapte,2026-04-12 14:35:50
2077,carne,morcovi,2026-04-12 14:35:50
2078,legume,lapte,2026-04-12 14:35:50
2079,legume,castraveti,2026-04-12 14:35:50
2080,lactate,pui,2026-04-12 14:35:50
2081,legume,morcovi,2026-04-12 14:35:50
2082,lactate,morcovi,2026-04-12 14:35:50
2083,lactate,porc,2026-04-12 14:35:50
2084,legume,lapte,2026-04-12 14:35:50
2085,lactate,vita,2026-04-12 14:35:50
2086,carne,pui,2026-04-12 14:35:50
2087,carne,pui,2026-04-12 14:35:50
2088,carne,morcovi,2026-04-12 14:35:50
2089,lactate,castraveti,2026-04-12 14:35:50
2090,lactate,porc,2026-04-12 14:35:50
2091,legume,castraveti,2026-04-12 14:35:50
2092,carne,morcovi,2026-04-12 14:35:50
2093,legume,branza,2026-04-12 14:35:50
2094,carne,morcovi,2026-04-12 14:35:50
2095,lactate,porc,2026-04-12 14:35:50
2096,lactate,lapte,2026-04-12 14:35:50
2097,lactate,porc,2026-04-12 14:35:50
2098,legume,porc,2026-04-12 14:35:50
2099,legume,vita,2026-04-12 14:35:50
2100,lactate,porc,2026-04-12 14:35:50
2101,lactate,branza,2026-04-12 14:35:50
2102,legume,vita,2026-04-12 14:35:50
2103,legume,morcovi,2026-04-12 14:35:50
2104,lactate,rosii,2026-04-12 14:35:50
2105,legume,castraveti,2026-04-12 14:35:50
2106,legume,pui,2026-04-12 14:35:50
2107,lactate,pui,2026-04-12 14:35:50
2108,lactate,porc,2026-04-12 14:35:50
2109,carne,lapte,2026-04-12 14:35:50
2110,carne,rosii,2026-04-12 14:35:50
2111,carne,pui,2026-04-12 14:35:50
2112,legume,porc,2026-04-12 14:35:50
2113,lactate,vita,2026-04-12 14:35:50
2114,legume,vita,2026-04-12 14:35:50
2115,legume,porc,2026-04-12 14:35:50
2116,legume,rosii,2026-04-12 14:35:50
2117,legume,branza,2026-04-12 14:35:50
2118,carne,porc,2026-04-12 14:35:50
2119,lactate,porc,2026-04-12 14:35:50
2120,legume,morcovi,2026-04-12 14:35:50
2121,legume,branza,2026-04-12 14:35:50
2122,lactate,porc,2026-04-12 14:35:50
2123,carne,rosii,2026-04-12 14:35:50
2124,legume,pui,2026-04-12 14:35:50
2125,lactate,castraveti,2026-04-12 14:35:50
2126,carne,castraveti,2026-04-12 14:35:50
2127,legume,branza,2026-04-12 14:35:50
2128,legume,castraveti,2026-04-12 14:35:50
2129,carne,lapte,2026-04-12 14:35:50
2130,lactate,pui,2026-04-12 14:35:50
2131,lactate,pui,2026-04-12 14:35:50
2132,carne,vita,2026-04-12 14:35:50
2133,legume,vita,2026-04-12 14:35:50
2134,lactate,pui,2026-04-12 14:35:50
2135,lactate,rosii,2026-04-12 14:35:50
2136,lactate,branza,2026-04-12 14:35:50
2137,carne,vita,2026-04-12 14:35:50
2138,lactate,pui,2026-04-12 14:35:50
2139,lactate,morcovi,2026-04-12 14:35:50
2140,carne,morcovi,2026-04-12 14:35:50
2141,carne,rosii,2026-04-12 14:35:50
2142,lactate,rosii,2026-04-12 14:35:50
2143,carne,pui,2026-04-12 14:35:50
2144,carne,rosii,2026-04-12 14:35:50
2145,carne,lapte,2026-04-12 14:35:50
2146,lactate,vita,2026-04-12 14:35:50
2147,carne,porc,2026-04-12 14:35:50
2148,carne,vita,2026-04-12 14:35:50
2149,lactate,castraveti,2026-04-12 14:35:50
2150,carne,morcovi,2026-04-12 14:35:50
2151,carne,rosii,2026-04-12 14:35:50
2152,lactate,pui,2026-04-12 14:35:50
2153,legume,morcovi,2026-04-12 14:35:50
2154,lactate,castraveti,2026-04-12 14:35:50
2155,legume,pui,2026-04-12 14:35:50
2156,lactate,castraveti,2026-04-12 14:35:50
2157,carne,lapte,2026-04-12 14:35:50
2158,legume,morcovi,2026-04-12 14:35:50
2159,carne,rosii,2026-04-12 14:35:50
2160,legume,vita,2026-04-12 14:35:50
2161,carne,branza,2026-04-12 14:38:21
2162,carne,castraveti,2026-04-12 14:38:21
2163,carne,pui,2026-04-12 14:38:21
2164,lactate,castraveti,2026-04-12 14:38:21
2165,lactate,rosii,2026-04-12 14:38:21
2166,lactate,castraveti,2026-04-12 14:38:21
2167,carne,lapte,2026-04-12 14:38:21
2168,carne,rosii,2026-04-12 14:38:21
2169,carne,lapte,2026-04-12 14:38:21
2170,lactate,rosii,2026-04-12 14:38:21
2171,lactate,lapte,2026-04-12 14:38:21
2172,carne,morcovi,2026-04-12 14:38:21
2173,lactate,rosii,2026-04-12 14:38:21
2174,legume,vita,2026-04-12 14:38:21
2175,legume,rosii,2026-04-12 14:38:21
2176,carne,porc,2026-04-12 14:38:21
2177,lactate,pui,2026-04-12 14:38:21
2178,carne,rosii,2026-04-12 14:38:21
2179,carne,lapte,2026-04-12 14:38:21
2180,legume,branza,2026-04-12 14:38:21
2181,lactate,porc,2026-04-12 14:38:21
2182,legume,vita,2026-04-12 14:38:21
2183,carne,porc,2026-04-12 14:38:21
2184,carne,vita,2026-04-12 14:38:21
2185,carne,castraveti,2026-04-12 14:38:21
2186,carne,rosii,2026-04-12 14:38:21
2187,legume,branza,2026-04-12 14:38:21
2188,carne,castraveti,2026-04-12 14:38:21
2189,legume,vita,2026-04-12 14:38:21
2190,lactate,lapte,2026-04-12 14:38:21
2191,carne,vita,2026-04-12 14:38:21
2192,legume,rosii,2026-04-12 14:38:21
2193,lactate,castraveti,2026-04-12 14:38:21
2194,legume,porc,2026-04-12 14:38:21
2195,carne,morcovi,2026-04-12 14:38:21
2196,lactate,porc,2026-04-12 14:38:21
2197,carne,branza,2026-04-12 14:38:21
2198,legume,porc,2026-04-12 14:38:21
2199,carne,morcovi,2026-04-12 14:38:21
2200,lactate,lapte,2026-04-12 14:38:21
2201,lactate,morcovi,2026-04-12 14:38:21
2202,legume,porc,2026-04-12 14:38:21
2203,lactate,morcovi,2026-04-12 14:38:21
2204,legume,lapte,2026-04-12 14:38:21
2205,legume,vita,2026-04-12 14:38:21
2206,carne,castraveti,2026-04-12 14:38:21
2207,lactate,castraveti,2026-04-12 14:38:21
2208,carne,rosii,2026-04-12 14:38:21
2209,carne,lapte,2026-04-12 14:38:21
2210,carne,castraveti,2026-04-12 14:38:21
2211,lactate,rosii,2026-04-12 14:38:21
2212,lactate,rosii,2026-04-12 14:38:21
2213,carne,rosii,2026-04-12 14:38:21
2214,lactate,porc,2026-04-12 14:38:21
2215,carne,branza,2026-04-12 14:38:21
2216,legume,rosii,2026-04-12 14:38:21
2217,lactate,morcovi,2026-04-12 14:38:21
2218,legume,castraveti,2026-04-12 14:38:21
2219,legume,pui,2026-04-12 14:38:21
2220,legume,lapte,2026-04-12 14:38:21
2221,carne,pui,2026-04-12 14:38:21
2222,carne,lapte,2026-04-12 14:38:21
2223,carne,rosii,2026-04-12 14:38:21
2224,carne,castraveti,2026-04-12 14:38:21
2225,lactate,porc,2026-04-12 14:38:21
2226,legume,castraveti,2026-04-12 14:38:21
2227,carne,rosii,2026-04-12 14:38:21
2228,lactate,morcovi,2026-04-12 14:38:21
2229,legume,pui,2026-04-12 14:38:21
2230,legume,vita,2026-04-12 14:38:21
2231,lactate,branza,2026-04-12 14:38:21
2232,lactate,pui,2026-04-12 14:38:21
2233,carne,pui,2026-04-12 14:38:21
2234,lactate,branza,2026-04-12 14:38:21
2235,lactate,rosii,2026-04-12 14:38:21
2236,legume,vita,2026-04-12 14:38:21
2237,legume,castraveti,2026-04-12 14:38:21
2238,carne,branza,2026-04-12 14:38:21
2239,carne,branza,2026-04-12 14:38:21
2240,carne,porc,2026-04-12 14:38:21
2241,lactate,lapte,2026-04-12 14:38:21
2242,legume,vita,2026-04-12 14:38:21
2243,legume,branza,2026-04-12 14:38:21
2244,lactate,morcovi,2026-04-12 14:38:21
2245,lactate,vita,2026-04-12 14:38:21
2246,lactate,morcovi,2026-04-12 14:38:21
2247,legume,vita,2026-04-12 14:38:21
2248,carne,lapte,2026-04-12 14:38:21
2249,lactate,castraveti,2026-04-12 14:38:21
2250,legume,porc,2026-04-12 14:38:21
2251,legume,pui,2026-04-12 14:38:21
2252,lactate,castraveti,2026-04-12 14:38:21
2253,lactate,vita,2026-04-12 14:38:21
2254,carne,rosii,2026-04-12 14:38:21
2255,legume,lapte,2026-04-12 14:38:21
2256,legume,rosii,2026-04-12 14:38:21
2257,lactate,vita,2026-04-12 14:38:21
2258,carne,pui,2026-04-12 14:38:21
2259,carne,branza,2026-04-12 14:38:21
2260,lactate,branza,2026-04-12 14:38:21
2261,carne,morcovi,2026-04-12 14:38:21
2262,carne,branza,2026-04-12 14:38:21
2263,lactate,morcovi,2026-04-12 14:38:21
2264,legume,porc,2026-04-12 14:38:21
2265,carne,porc,2026-04-12 14:38:21
2266,carne,pui,2026-04-12 14:38:21
2267,legume,branza,2026-04-12 14:38:21
2268,legume,rosii,2026-04-12 14:38:21
2269,legume,castraveti,2026-04-12 14:38:21
2270,carne,morcovi,2026-04-12 14:38:21
2271,carne,vita,2026-04-12 14:38:21
2272,lactate,lapte,2026-04-12 14:38:21
2273,carne,vita,2026-04-12 14:38:21
2274,legume,lapte,2026-04-12 14:38:21
2275,legume,lapte,2026-04-12 14:38:21
2276,legume,castraveti,2026-04-12 14:38:21
2277,carne,porc,2026-04-12 14:38:21
2278,legume,rosii,2026-04-12 14:38:21
2279,carne,morcovi,2026-04-12 14:38:21
2280,lactate,vita,2026-04-12 14:38:21
